-- MySQL dump 10.13  Distrib 5.5.21, for Win32 (x86)
--
-- Host: localhost    Database: news
-- ------------------------------------------------------
-- Server version	5.5.21

/*!40101 SET @OLD_CHARACTER_SET_CLIENT=@@CHARACTER_SET_CLIENT */;
/*!40101 SET @OLD_CHARACTER_SET_RESULTS=@@CHARACTER_SET_RESULTS */;
/*!40101 SET @OLD_COLLATION_CONNECTION=@@COLLATION_CONNECTION */;
/*!40101 SET NAMES utf8 */;
/*!40103 SET @OLD_TIME_ZONE=@@TIME_ZONE */;
/*!40103 SET TIME_ZONE='+00:00' */;
/*!40014 SET @OLD_UNIQUE_CHECKS=@@UNIQUE_CHECKS, UNIQUE_CHECKS=0 */;
/*!40014 SET @OLD_FOREIGN_KEY_CHECKS=@@FOREIGN_KEY_CHECKS, FOREIGN_KEY_CHECKS=0 */;
/*!40101 SET @OLD_SQL_MODE=@@SQL_MODE, SQL_MODE='NO_AUTO_VALUE_ON_ZERO' */;
/*!40111 SET @OLD_SQL_NOTES=@@SQL_NOTES, SQL_NOTES=0 */;

--
-- Table structure for table `friendlink`
--

DROP TABLE IF EXISTS `friendlink`;
/*!40101 SET @saved_cs_client     = @@character_set_client */;
/*!40101 SET character_set_client = utf8 */;
CREATE TABLE `friendlink` (
  `linkId` int(11) NOT NULL AUTO_INCREMENT,
  `linkName` varchar(100) NOT NULL,
  `linkUrl` varchar(1000) NOT NULL,
  PRIMARY KEY (`linkId`)
) ENGINE=InnoDB AUTO_INCREMENT=61 DEFAULT CHARSET=utf8;
/*!40101 SET character_set_client = @saved_cs_client */;

--
-- Dumping data for table `friendlink`
--

LOCK TABLES `friendlink` WRITE;
/*!40000 ALTER TABLE `friendlink` DISABLE KEYS */;
INSERT INTO `friendlink` VALUES (1,'中国政府网','http://www.gov.cn'),(2,'中国网','http://www.china.com.cn'),(3,'人民网','http://www.people.com.cn'),(4,'新华网','http://www.xinhuanet.com'),(5,'中新网','http://www.chinanews.com'),(6,'央视网','http://www.cctv.com/default.shtml'),(7,'中广网','http://www.cnr.cn'),(8,'中国日报','http://www.chinadaily.com.cn'),(9,'中青在线','http://www.cyol.net/node/index.htm'),(10,'光明网','http://www.gmw.cn'),(11,'解放军报','http://www.chinamil.com.cn'),(12,'法制日报','http://www.legaldaily.com.cn'),(13,'中国台湾网','http://www.taiwan.cn'),(14,'中经网','http://www.ce.cn'),(15,'南风窗','http://www.nfcmag.com'),(16,'中国周刊','http://www.chinaweekly.cn'),(17,'三联生活周刊','http://www.lifeweek.com.cn'),(18,'北青网','http://www.ynet.com'),(19,'大洋网','http://www.dayoo.com'),(20,'南方报业','http://www.nanfangdaily.com.cn'),(21,'金羊网','http://www.ycwb.com'),(22,'南方网','http://www.southcn.com'),(23,'东方网','http://www.eastday.com'),(24,'千龙网','http://www.21dnn.com'),(25,'新京报','http://www.thebeijingnews.com'),(26,'京华时报','http://epaper.jinghua.cn'),(27,'红网','http://www.rednet.com.cn'),(28,'工人日报','http://workercn.cn'),(29,'中国新闻周刊','http://www.inewsweek.cn'),(30,'参考消息','http://www.cankaoxiaoxi.com'),(31,'新周刊','http://www.neweekly.com.cn'),(32,'大河网','http://www.dahe.cn'),(33,'中国长安网','http://www.chinapeace.org.cn'),(34,'环球网','http://www.huanqiu.com'),(35,'四川新闻网','http://www.newssc.org'),(36,'北晨网','http://www.morningpost.com.cn'),(37,'浙江在线','http://www.zjol.com.cn'),(38,'国际在线','http://gb.cri.cn'),(39,'舜网','http://www.e23.cn'),(40,'新快网','http://www.xkb.com.cn./index.php'),(41,'中国江西网','http://www.jxcn.cn'),(42,'云南网','http://www.yunnan.cn'),(43,'深圳新闻网','http://www.szed.com'),(44,'中安在线','http://www.anhuinews.com'),(45,'新文化网','http://www.xwh.cn'),(46,'天山网','http://www.ts.cn'),(47,'亚心网','http://www.iyaxin.com'),(48,'大众网','http://www.dzwww.com'),(49,'大江网','http://www.jxnews.com.cn'),(50,'华商网','http://www.hsw.cn'),(51,'中国小康网','http://www.chinaxiaokang.com'),(52,'江西晨报网','http://www.jxcbw.cn'),(53,'新民周刊','http://xmzk.xinminweekly.com.cn'),(54,'东南网','http://www.fjsen.com'),(55,'山东新闻网','http://www.sdnews.com.cn'),(56,'新疆网','http://www.xinjiangnet.com.cn'),(57,'华龙网','http://www.cqnews.net'),(58,'荆楚网','http://news.cnhubei.com'),(59,'安徽网','http://www.ahwang.cn'),(60,'媒体大全','http://news.sina.com.cn/media.html');
/*!40000 ALTER TABLE `friendlink` ENABLE KEYS */;
UNLOCK TABLES;

--
-- Table structure for table `manager`
--

DROP TABLE IF EXISTS `manager`;
/*!40101 SET @saved_cs_client     = @@character_set_client */;
/*!40101 SET character_set_client = utf8 */;
CREATE TABLE `manager` (
  `userId` int(11) NOT NULL AUTO_INCREMENT,
  `userName` varchar(20) NOT NULL,
  `password` varchar(20) NOT NULL,
  `roleId` int(11) NOT NULL,
  `mailBox` varchar(100) NOT NULL,
  `remark` varchar(1000) DEFAULT NULL,
  `dateandtime` timestamp NOT NULL DEFAULT CURRENT_TIMESTAMP,
  PRIMARY KEY (`userId`),
  UNIQUE KEY `userName` (`userName`),
  KEY `roleId` (`roleId`),
  CONSTRAINT `manager_ibfk_1` FOREIGN KEY (`roleId`) REFERENCES `roleinfo` (`roleId`)
) ENGINE=InnoDB AUTO_INCREMENT=3 DEFAULT CHARSET=utf8;
/*!40101 SET character_set_client = @saved_cs_client */;

--
-- Dumping data for table `manager`
--

LOCK TABLES `manager` WRITE;
/*!40000 ALTER TABLE `manager` DISABLE KEYS */;
INSERT INTO `manager` VALUES (1,'admin','123',1,'123@sina.com',NULL,'2016-12-02 02:21:09'),(2,'tom','123',2,'123@sina.com',NULL,'2016-12-02 02:21:09');
/*!40000 ALTER TABLE `manager` ENABLE KEYS */;
UNLOCK TABLES;

--
-- Table structure for table `newsarticles`
--

DROP TABLE IF EXISTS `newsarticles`;
/*!40101 SET @saved_cs_client     = @@character_set_client */;
/*!40101 SET character_set_client = utf8 */;
CREATE TABLE `newsarticles` (
  `articleId` int(11) NOT NULL AUTO_INCREMENT,
  `typeId` int(11) NOT NULL,
  `title` varchar(100) NOT NULL,
  `content` text NOT NULL,
  `userId` int(11) NOT NULL,
  `hints` int(11) DEFAULT '0',
  `imagepath` varchar(1000) DEFAULT NULL,
  `dateandtime` varchar(20) NOT NULL,
  `isHd` int(11) DEFAULT '0',
  `isStories` int(11) DEFAULT '0',
  `isNature` int(11) DEFAULT '0',
  `isDel` int(11) DEFAULT '0',
  PRIMARY KEY (`articleId`),
  KEY `typeId` (`typeId`),
  KEY `userId` (`userId`),
  CONSTRAINT `newsarticles_ibfk_1` FOREIGN KEY (`typeId`) REFERENCES `newstypes` (`typeId`),
  CONSTRAINT `newsarticles_ibfk_2` FOREIGN KEY (`userId`) REFERENCES `manager` (`userId`)
) ENGINE=InnoDB AUTO_INCREMENT=101 DEFAULT CHARSET=utf8;
/*!40101 SET character_set_client = @saved_cs_client */;

--
-- Dumping data for table `newsarticles`
--

LOCK TABLES `newsarticles` WRITE;
/*!40000 ALTER TABLE `newsarticles` DISABLE KEYS */;
INSERT INTO `newsarticles` VALUES (1,9,'洞庭湖遭铁丝网分割致生态萎缩 有人花亿元铺网','原标题：围在网中的洞庭湖，如何挣脱网围之困？\r\n<p>\r\n	　　一张张钢丝网分割了原本完整的洞庭湖，让建网者在退潮时坐收渔翁之利。然而重案组37号(微信ID:zhonganzu37)采访发现，这些钢丝网网住的不仅仅是鱼虾，还有当地生态的萎缩和渔民收益的萎靡。\r\n</p>\r\n<p>\r\n	　　环保志愿者介绍，这些钢丝网通常高4、5米，每边长约20公里，单个网围面积从八千到一万多亩不等，“这仅是一个网围的面积，据说当地有100多个，有的已有6年多历史。”\r\n</p>\r\n<p>\r\n	　　今年3月，湖南省启动了包括河湖网围养殖清理在内的洞庭湖水环境综合治理五大专项行动。11月25日，湖南省政府再次开会要求面积在5万亩以下(以县为单位)的矮围网围全部清理拆除。\r\n</p>\r\n<p>\r\n	　　<strong>被网住的生态环境</strong>\r\n</p>\r\n<p>\r\n	　　洞庭湖分为东洞庭湖、南洞庭湖、西洞庭湖以及湘江河口的横岭湖，湖区内包括国家级和省级自然保护区，目前已被列入《湿地公约》国际重要湿地名录。\r\n</p>\r\n<p>\r\n	　　“绿色潇湘环境快速反应中心”负责人洪武表示，网围现象最严重区域主要存在于南洞庭湖沅江地区。根据他拍摄的图片显示，这些钢丝网网格只有一指宽，有些已经破损。“矮围网围用钢丝编成，直接在湿地上竖起来，有志愿者测量过，在枯水期，矮围大概出土上面五六米高，埋在地下的也要一米深”。中国江豚保护行动网络联合发起人蒋忆介绍，退水期都可以看得到，长和宽有几公里，一条线，全都是这样的网。\r\n</p>\r\n<p>\r\n	　　东洞庭湖生态保护协会志愿者何柄秀称，网围有不同等级，包括小型拦河围、竹竿迷魂阵、高度与钢丝网围相当的竹竿塑料丝网及钢丝网围。其中，钢丝网通常高4到5米高，每边长约20公里，单个网围面积从八千到一万多亩不等，“这仅是一个网围的面积，据说当地有100多个，有的已有6年多历史。”\r\n</p>\r\n<p>\r\n	　　“涨水时鱼进去，水潮退去时鱼就被网在里面，无法回到原来的水体中。”据环保志愿者介绍，在此设置了“天罗地网”的湖水里不仅只有小鱼小虾，还有各种珍贵物种，这些物种都会因为网围破坏了环境而受到影响。鱼类资源减少，江豚捕食也会受到影响，栖息此地的白鹳、黑鹤等许多水禽也会受到影响。此外，洞庭湖流域湿地也是麋鹿的栖息地，麋鹿在退水季节在湿地上迁移，造了矮围，麋鹿走到哪里都会碰壁，直接影响其迁移。对于候鸟而言也很容易被矮围伤害。\r\n</p>\r\n<p>\r\n	　　此外，造矮围也会对防洪救灾造成影响。“矮围会阻碍泄洪，如果真的发生险情，不管是救人还是投放物资，都会因为矮围而运行不便”。\r\n</p>',1,0,'','1480902994',0,0,0,0),(2,10,'台旅行社倒贴钱拉拢陆客 用“民族大义”劝消费','记者 崔明轩\r\n<p>\r\n	　　“只要把人带到台湾，下了飞机，一切都由我们负责”，陆客团赴台人数呈雪崩式下滑，令台湾旅行社争抢陆客团争破了头，不少旅行社不但包吃包住零团费，还倒贴支付陆方人头费。\r\n</p>\r\n<p>\r\n	　　台湾《联合报》4日称，以往的“零团费”陆客团，只要付机票钱即可，现在竞争激烈，一些台湾旅行社开始以买人头的方式抢陆客团，再安排购物行程。有导游透露，他所属的旅行社在台湾算是有一定规模的，也不得不加入抢人行列，每人要支付两三百元人民币。还有导游称，给陆方人头费以往就有，不同的是，台湾旅行社之前为抢生意，即使给陆方人头费仍有赚头，与目前不仅“零团费”、还要再付人头费的时空环境相比，已大不相同，“完全是赌运气、赌机会，但没有团就连机会都没有”。\r\n</p>\r\n<p>\r\n	　　零团费已让旅行社难有利润，如今还要贴老本，关键当然看陆客的购物成效。而为了让大陆游客多花钱，台湾导游可谓煞费苦心。为防止陆客不下车买东西，导游都会事先说明，台湾法令规定，车辆怠速不得超过3分钟，所以一到购物点就关闭空调，车里闷，陆客当然得下车。一名导游说，他的秘诀是面对越不消费的陆客就越发客气，让对方觉得不买不好意思。还有导游透露，他一般对陆客“晓以民族大义”，称陆客为曾侵略中国的日本还创造了几百亿美元的观光收益，为何来到台湾就收手，“伤害同胞情谊”。还有旅行社别出心裁，像南投、新竹有业者推出组团买菜、教台湾料理的旅游行程。\r\n</p>\r\n<p>\r\n	　　面对倒贴做法，有岛内旅行业者认为，近几年素质高的陆客多走自由行，目前陆客团口袋深度有限，业者倒贴人头费抢客赌购物的做法，只会砸了招牌。有业者直言，这实在是无奈之举，以前经济景气，导游一个月平均出三团，月收入7万元新台币起跳，但目前“冷到不行甚至没团”。还有业者批评当局的“新南向政策”，称以前陆客可能来100团、东南亚来10团，总共110团；现今陆客只剩30团，东南亚20团，“整体来说，根本远不及陆客锐减团量”，况且台湾许多天然环境和东南亚相近，珊瑚礁、沙滩都类似，能有多大吸引力？\r\n</p>',1,0,'photoview/5844c9ad1e848.png','1480903085',1,1,1,0),(3,3,'河北多地PM2.5爆表 气象局:再忍忍风很快就来','原标题：PM2.5爆表，气象局官微“再忍忍，风很快来”\r\n<p>\r\n	　　晨报综合报道\r\n</p>\r\n<p>\r\n	　　连日来，北京、河北、山西、山东、河南、四川等地的部分地区遭遇雾霾侵扰，纷纷采取应急预警措施。\r\n</p>\r\n<p>\r\n	　　雾霾日前重返京城，官方于12月2日启动今年下半年第二个空气重污染橙色预警。截至4日，北京已身陷“霾伏”三日，当日全城的空气质量维持在重度及以上污染水平。4日凌晨，城区及南部郊区多个监测点PM2.5浓度出现持续“爆表”。这是入冬以来北京遭遇的最严重污染过程。\r\n</p>\r\n<p>\r\n	　　之前一直在顽强抵抗雾霾的冷空气在3日中午前后终于败下阵来。从3日下午开始，从城区到北部郊区，蓝天沦陷。尤其是入夜以后，污染物浓度迅速攀升。3日晚9点，通州、大兴、亦庄的PM2.5平均浓度达到惊人的567微克/立方米。4日凌晨0点到4点，城区东四、官园、农展馆、奥体中心等多个监测点的PM2.5浓度也突破了500微克/立方米，直到早晨6点以后，污染物浓度才开始逐渐回落。\r\n</p>\r\n<p>\r\n	　　<strong>相邻的河北省4日也发布大雾红色预警信号和霾橙色预警信号，已关闭大部分高速公路，并进一步加强成品油市场监管，强化散煤质量源头管理，并推广清洁燃具燃料。</strong> \r\n</p>\r\n<p>\r\n	　　<strong>当日下午5时，河北省气象局官方微博继续发布霾红色预警，预计12月4日夜间到次日上午，河北廊坊南部、保定中东部、石家庄、沧州、衡水和邢台有重度霾。</strong> \r\n</p>\r\n<p>\r\n	　　<strong>“大家再忍一忍，很快就会有大风来帮忙清扫雾霾。”河北省气象局对外表示期盼。</strong> \r\n</p>\r\n<p>\r\n	　　12月1日-4日，雾霾同样肆虐山西，多个城市空气监测站显示为“严重污染”。1-3日，山西省城太原市的空气质量指数一路攀升至391，属严重污染级别，4日仍未好转。\r\n</p>\r\n<p>\r\n	　　辽宁省环保厅4日亦透露，该省的沈阳、鞍山、营口、辽阳、铁岭市达到雾霾重度污染，大连、丹东、锦州、朝阳、葫芦岛市为雾霾中度污染。但截至4日9时，辽宁省西部地区空气质量已经明显改善。\r\n</p>\r\n<p>\r\n	　　位于中国西南的四川也难逃雾霾侵扰，该省4日发布大雾橙色预警信号，成都、绵阳、德阳、眉山等10市及达州南部有大雾，部分地方能见度小于200米，局部地方小于50米。\r\n</p>',1,0,'photoview/58452b8c9c671.jpg','1480904444',0,1,0,0),(4,5,'军改一年间 习近平这样排兵布阵','<p>\r\n	[学习进行时]2015年11月24日至26日，中央军委改革工作会议在京举行，新一轮军队改革拉开大幕。一年间，习近平亲自筹划、指挥，人民军队面貌焕然一新。新华网“学习进行时”原创品牌栏目“讲习所”今天推出文章，为您解读习近平如何排兵布阵。\r\n</p>\r\n<p>\r\n	“全面实施改革强军战略，坚定不移走中国特色强军之路”！\r\n	<p>\r\n		　　2015年11月24日至26日，中央军委改革工作会议在京举行。会议上，中共中央总书记、国家主席、中央军委主席、中央军委深化国防和军队改革领导小组组长习近平为新一轮军队改革拉开大幕。\r\n	</p>\r\n	<p>\r\n		　　一年来，军委机关由总部制改为多部门制，五大战区代替七大军区亮相，陆军领导机构、火箭军、战略支援部队、军委联勤保障部队相继成立……排兵布阵层次分明，人民军队面貌焕然一新。\r\n	</p>\r\n	<p>\r\n		　　改革是“动棋子”更是“布棋局”\r\n	</p>\r\n	<p>\r\n		　　这场改革，是强军兴军的必由之路，也是决定军队未来的关键一招。\r\n	</p>\r\n	<p>\r\n		　　为什么改？在我国由大向强发展的关键阶段，必须要用强军梦捍卫中国梦。强军，不仅要强“军体”，更要强“军魂”。要“魂”“体”俱强，就必须抓改革创新。\r\n	</p>\r\n	<p>\r\n		　　改什么、怎么改，如何创新？习近平抓住主要矛盾，瞄准体制性障碍、结构性矛盾、政策性问题，以能战、善战为根本出发点和落脚点，动体制、调结构、抓治权。因此，这场改革不只是动“棋子”，而且是布“棋局”；不是政策制度上的局部修补，而是军队体系的重塑。\r\n	</p>\r\n	<p>\r\n		　　作为改革的设计者和总指挥，习近平说，这是一场整体性、革命性变革。他号令全军，要以高度的历史自觉和强烈的使命担当，以踏石留印、抓铁有痕的精神，坚决打赢改革这场攻坚仗。\r\n	</p>\r\n</p>',1,0,'photoview/5844cf7144aa2.jpg','1480904561',0,0,0,0),(5,5,'即将交付的歼20处于什么状态 已生产11架刷号6架','“歼-20生产11架，已经刷号6架”，近日互联网媒体上关于歼-20的这则消息引发了大量的关注和讨论。如果相关消息属实，那表明歼-20在其全状态样机在完成相关试飞项目后，已经进入“小批量试生产”阶段。\r\n<p id=\"yui_3_5_0_1_1480899886776_196\">\r\n	　　与大家熟悉的原型机和全状态样机由中国飞行试验研究院使用不同的是<strong>，“小批量试生产”批次的歼-20将交付中国空军作战试验部队使用。</strong>空军作战试验部队将根据相关需求标准对试生产型的歼-20进行全面的考核鉴定，除了检验歼-20能否达到试飞工作中取得的指标外，还会根据飞机性能研究战术方式和作战方案，制定飞行训练与作战相关的标准与手册。\r\n</p>',1,0,'photoview/5844cf9a1e848.jpg','1480904602',0,0,0,0),(6,5,'2016年全球军事化指数排名出炉 中国排第91位','参考消息网12月3日报道 据德国《世界报》网站12月1日发表的题为《军事化排名》的文章称，\r\n<p>\r\n	　　俄罗斯控制克里米亚，中东地区战争不断，南海关系紧张——研究人员在世界很多地区都看到扩军的趋势并没有什么可奇怪的。甚至是国防预算长期以来一直在不断减少的欧洲，乌克兰冲突也令人们的想法发生了变化。这是波恩国际军工转产中心（BICC）公布的全球军事化指数所显示出的结果。\r\n</p>\r\n<p>\r\n	　　德国在总共152个国家中排名第100位，以色列排名第一，即全球军事化程度最高的国家。\r\n</p>\r\n<p>\r\n	　　亚美尼亚、俄罗斯、塞浦路斯、希腊和阿塞拜疆则是排名前十位中的五个欧洲国家。\r\n</p>\r\n<p>\r\n	　　BICC并非仅从军费开支来进行衡量。如果按照这一标准的话，美国将以5950亿美元继续领先全球，之后是中国的2140亿美元。BICC的全球军事化指数更多显示了军费开支与国内生产总值以及医疗卫生等其他领域开支相比的比例。因此，虽然俄罗斯910亿美元的军费开支明显少于美国，但是根据指数排名却名列第五位，远远领先于美国（第31位）和中国（第91位）。\r\n</p>\r\n<p>\r\n	　　报告中说：“在俄罗斯吞并克里米亚之后再加上东乌克兰冲突不断的原因，特别是东欧显示出军事化程度加强的趋势。”俄罗斯一直属于十个军事化程度最强的国家之一，而乌克兰则从2015年的第23位上升至今年的第15位。\r\n</p>\r\n<p>\r\n	　　德国、法国（第60位）、英国（第71位）、意大利（第81位）和西班牙（第92位）的排名略有下降。但是报告作者预计这一趋势将发生逆转。2016年西欧军费开支轻微增长2.7%。譬如德国就计划到2019年将国防预算提高6.2%。\r\n</p>',1,0,'','1480904635',1,0,0,0),(7,12,'深度：英设计出220万吨特殊航母 因一致命问题流产','在二战开战仅两年后，英国皇家海军就损失了4艘作为海上编队核心的舰队航母，在大西洋、地中海、太平洋这三个主要战场上，都面临着舰队航母短缺的问题。1942年英国海军部成立了“未来造舰委员会”，对英国海军在建的军舰进行重新审查，并重新安排了造舰项目的优先顺序，准备集中人力物力建造一批航母。1942年10月英国海军工程师杰弗里·帕克提出了用冰块建造航母，对付德国潜艇的办法。开始，帕克考虑将北极的巨大冰山拖到大西洋改造成人工冰岛，但事实证明这个方案难以实现。1943年年初，帕克发明了一种叫作“帕克水泥”的新型建筑材料，它实际上是一种掺进了一定比例木浆的特殊冰块。\r\n<p>\r\n	　　英国海军的一位上将竭力说服盟军高层接受了帕克的建议。随后，美、英、加三国的物理学家和造船专家成立联合试验小组，开始对用这种混合冰建造航母的可行性进行试验。\r\n</p>',1,0,'photoview/5844cfe6f0537.jpg','1480904678',0,1,1,0),(8,5,'中国轰20或已制造完毕明年将首飞 不会类似美军B1','最近央视公布的一个镜头中，中国轰-20的CG图疑似曝光，似乎“红色B-2”的设计思路是目前最受关注，也是最受期待的版本，即飞翼式隐身远程战略轰炸机。然而，事实果真如此吗？中国新一代远程轰炸机最有可能采取什么样的设计思路？据《科技日报》最新报道，按照现行的国际标准来看，只有航程不低于8000公里，载弹量达到20~30吨，才能称为远程轰炸机。目前，世界上只有美俄两国拥有远程轰炸机，即美国的B-52H、B-1B、B-2A，俄罗斯的图-160、图-95MS。这其中，只有B-2A实现了真正意义上的隐身。那么，传闻已久的中国轰-20会是一种哪种类型的战略轰炸机呢？',1,0,'photoview/5844d0055f5e1.jpg','1480904709',1,1,0,0),(9,11,'日外相访俄频遇冷脸：普京无笑意 俄外长不握手','日本媒体4日爆料说，日本外相岸田文雄3日访俄与俄外长拉夫罗夫会面时，拉夫罗夫几乎全程冷脸，他甚至不屑与岸田握手。\r\n<p>\r\n	　　报道称，3日在圣彼得堡举行的日俄外长会谈被认为是俄总统普京15日访日前的最后一次预备会议。会议开始时，拉夫罗夫与岸田一起进入会场后直接坐下，未依照惯例握手并合影留念，“似乎根本不把日本外相放在眼里”。\r\n</p>\r\n<p>\r\n	　　日本共同社称，岸田此访意在保证即将到来的日俄首脑会谈顺利进行。尽管岸田2日得到俄总统普京的破例接见，但岸田在酒店等待了很长时间才见到普京，两人会谈仅进行了约30分钟。会谈中普京面无笑意，仅做出一些礼节性的“欢迎”回应。岸田有意将普京1日国情咨文中“(日俄关系)实质性进展”的说法和领土谈判联系起来，但普京毫无反应。此外，岸田在会谈后未向记者透露是否抗议俄军近期在北方四岛(俄称南千岛群岛)部署地对舰导弹，这被认为是谨慎而且“示弱”的表现。\r\n</p>\r\n<p>\r\n	　　日媒称，根据日俄外长会谈中俄方的表现，可以看到在目前的外交博弈中，俄方倾向于利用日本期望达成成果的心态，坚持强硬态度以争取对俄更有利的局面，这让日方相当为难。共同社称，俄方坚持北方四岛为该国通过正义途径合法取得，这成为阻碍日俄达成协议的关键，也使得想积极利用经济议题“牵引”俄方的日本外交陷入被动。首相安倍提出的对俄经济合作的“效果”不知何时才能显现，日本正陷于防守之势。\r\n</p>',1,0,'','1480904734',0,0,0,0),(10,11,'新加坡防长:遏制中国崛起既不可能也无战略必要','新加坡《商业时报》4日报道称，新加坡国防部长黄永宏当天在美国表示，遏制中国的崛起既不可能，也没有战略必要。\r\n<p>\r\n	　　他是在加利福尼亚州参加“里根国防论坛”时说这番话的。根据新加坡国防部的消息，黄永宏说：“中国现在已经成为全球贸易、金融和安全体系中不可或缺的领导者。很明显，中国需要世界，世界同样需要中国。”他认为，这一相互依赖关系将继续发展，不会消失。\r\n</p>\r\n<p>\r\n	　　当天，他还谈到美国与亚太地区持续接触的重要性。黄永宏说，人们应该视中国、印度和东盟的崛起为美国过去70年外交和国防政策的有效成果。这一现实印证了美国过去几十年中在亚洲的外交和国防政策。但他表示，这一成功也带来了一系列新的挑战，“我们考虑美国的外交政策也在不断向前推进”。\r\n</p>\r\n<p>\r\n	　　新加坡一向盛赞美国的“亚太再平衡”战略。今年以来，它在所谓南海仲裁案问题上紧跟美国，曾引发中方不满。\r\n</p>',1,0,'','1480904753',0,0,0,0),(11,9,'开国大将夫妇去世 房子该给谁？','他的讲述，反映了老一辈无产阶级革命家严于律己的优良作风。也让大家对中央政治局最新审议通过的党和国家领导人有关待遇文件，有了更为深刻的认识。\r\n<p>\r\n	　　长安街知事APP此前曾做过分析，中央对于规范高级领导干部生活待遇的改革是一脉相承的。从中央八项规定到三中全会决定再到此次政治局通过的最新文件，每一次改革都在强化一个原则——“保障工作需要、待遇适当从低”。\r\n</p>\r\n<p>\r\n	　　有小伙伴会问，这个原则有什么特别呢，一次又一次递进的改革方案到底要解决什么问题？\r\n</p>\r\n<p>\r\n	　　1979年下发的《中共中央、国务院关于高级干部生活待遇的若干规定》是这么说的，一个高级干部的宿舍只能有一处。高级干部逝世后，原配备的宿舍，在一两年内收回，对遗属的住房，另行妥善安排。\r\n</p>\r\n<p>\r\n	　　这个规定充分说明了两个问题，一是高级干部的生活待遇是保障高级干部工作的，不是分配给个人，于公而不于私；二是高级干部的待遇，和高级干部遗属的待遇是区分的，两者没有继承关系。\r\n</p>\r\n<p>\r\n	　　“党和国家领导人”是高级干部中的高级干部，他们的作风具有示范意义。此次政治局通过的规定，就是围绕“党和国家领导人”的待遇标准。\r\n</p>\r\n<p>\r\n	　　规定明确提出“党和国家领导人退下来要及时腾退办公用房”。虽然此前也是这么做的，但这一表述在中央文件中被明确，则释放了一个重要的信号：退，与不退，在工作保障和生活保障上，是有差别的。办公的地方不同，住的地方也有可能不同。\r\n</p>\r\n<p>\r\n	　　这，就是保障工作需要。\r\n</p>\r\n<p>\r\n	　　有一个概念需要说清楚。待遇，是公家提供的保障。担任现职的高级领导干部，自己可以出钱购买商品房，是私产。同时可以享受符合职务标准的住房待遇，类似“官邸”，这个“官邸”是公家出钱来保障的。\r\n</p>\r\n<p>\r\n	　　一般来说，领导干部在任时应享有“官邸”，“官邸”不能买。退休之后把“官邸”交出，改住符合职务标准的公房，这个公房如果夫妻两人住，子女不能继承。如果购买下来，则作为私产留给子女。\r\n</p>\r\n<p>\r\n	　　不过，三中全会提出“官邸制”前，“官邸”的概念还不明确。因此，领导干部在任时和退休后一般都住在公家提供的一套住房里，领导干部去世后，配偶继续居住直至去世，然后交公。\r\n</p>',1,0,'photoview/5844d05529f63.jpg','1480904789',0,0,0,0),(12,4,'最美表演揭首支预告片：一秒镜头悬念丛生','新浪娱乐讯 2016年新浪娱乐最美表演再度回归，今年我们邀请十位演员共同演绎“生命中重要的一分钟”。12月5日，首支预告片正式揭晓，快切剪辑悬念丛生，每位演员虽然只有短短一秒钟的预告镜头，却充满了戏剧张力，正片当然更加精彩。\r\n<p>\r\n	　　佟丽娅<a target=\"_blank\" href=\"http://weibo.com/1345566427?zw=ent\" class=\"wt_article_link\">[微博]</a>性感冷艳，对着镜头邀你举杯共饮，眼神交汇的那刻，你能否接受到她传递的讯息？\r\n</p>\r\n<p>\r\n	　　范冰冰<a target=\"_blank\" href=\"http://weibo.com/3952070245?zw=ent\" class=\"wt_article_link\">[微博]</a>挑战乡非造型，她低头眼神闪躲，突然一缕强光照来，微微勾起的嘴角意味着什么？\r\n</p>\r\n<p>\r\n	　　王凯<a target=\"_blank\" href=\"http://weibo.com/1278089051?zw=ent\" class=\"wt_article_link\">[微博]</a>化身绷带蒙面人，脸部特写突出细腻的表情变化，当半张俊脸受伤，他会如何应对？\r\n</p>\r\n<p>\r\n	　　刘昊然<a target=\"_blank\" href=\"http://weibo.com/2870450862?zw=ent\" class=\"wt_article_link\">[微博]</a>独坐病榻旁，表情悲喜交加，似乎又背负着不属于他年纪的沉重，他经历了什么？\r\n</p>\r\n<p>\r\n	　　胡军<a target=\"_blank\" href=\"http://weibo.com/1880246651?zw=ent\" class=\"wt_article_link\">[微博]</a>被两个警察用力拉住，他激动地伸出手想挣扎，他歇斯底里，他绝望无助，他是谁？\r\n</p>\r\n<p>\r\n	　　张鲁一<a target=\"_blank\" href=\"http://weibo.com/1905283013?zw=ent\" class=\"wt_article_link\">[微博]</a>猛地一抬手，充满了仪式感，背后是万家灯火，眼前是孤身一人，他在想些什么？\r\n</p>\r\n<p>\r\n	　　任素汐面对一碗面默默流泪，带着手铐被拖拽时无力挣脱，这是她生命里怎样的一分钟？\r\n</p>\r\n<p>\r\n	　　宋佳<a target=\"_blank\" href=\"http://weibo.com/5051267375?zw=ent\" class=\"wt_article_link\">[微博]</a>抱着柳琴优雅起身，一盏灯照亮了那张看不出悲喜的脸，上场表演前一刻发生了什么？\r\n</p>\r\n<p>\r\n	　　周冬雨<a target=\"_blank\" href=\"http://weibo.com/1916655407?zw=ent\" class=\"wt_article_link\">[微博]</a>正戴着耳机讲电话，她皱起了眉，一行清泪留下，她打给了谁，又说了些什么？\r\n</p>\r\n<p>\r\n	　　张译<a target=\"_blank\" href=\"http://weibo.com/1235733435?zw=ent\" class=\"wt_article_link\">[微博]</a>拿起酒瓶豪迈痛饮，酒尚来不及咽下，酒瓶就被他狠狠扔出，是什么让他如此失控？\r\n</p>\r\n<p>\r\n	　　他们的一分钟，有的演绎一种状态，有的表达一种情绪，有的呈现出当下那一刻的挣扎，有的融进了半生的故事。生命里的每一分钟都在跨越荣枯，穿行于重生和幻灭之间。十位演员用笑容、泪水、眼神、呐喊，讲述亲人间的温暖、向全世界宣告勇敢，也在揭露生活里的灰暗与绝望。\r\n</p>',1,0,'photoview/5844d0a207a12.jpg','1480904866',0,0,0,0),(13,4,'曝王源雨天站高楼没防护拍戏 剧组遭炮轰','新浪娱乐讯 据台湾媒体报道，TFBOYS由王俊凯<a target=\"_blank\" href=\"http://weibo.com/2609400635?zw=ent\" class=\"wt_article_link\">[微博]</a>、王源<a target=\"_blank\" href=\"http://weibo.com/2812335943?zw=ent\" class=\"wt_article_link\">[微博]</a>、易烊千玺<a target=\"_blank\" href=\"http://weibo.com/3623353053?zw=ent\" class=\"wt_article_link\">[微博]</a>组成，三人年纪轻轻已经拥有超高人气。其中王源陆续演出电视剧、电影，不过4日被曝他在大雨中站在顶楼拍戏，而且完全没有防护措施，引发议论。\r\n<p>\r\n	　　网路疯传一则影片，一名男子站在顶楼栏杆边，天空正下着雨，男子伸出右手挥舞，接下来是他被另一名男子推挤似乎跳楼，动作令人看了紧张。爆料者指出这是王源拍戏的侧拍，一楼平地没有任何防护措施，拍戏的演员也没有绳索绑住：“专业人员高空作业都需要安全绳，何况是刚满16岁的未成年演员，希望有关部门能够严查。”（ETtoday/文）\r\n</p>',1,0,'photoview/5844d0cc90f56.jpg','1480904908',0,1,0,0),(14,4,'刘翔老婆吴莎旧照曝光 发型不羁杀马特 ','新浪娱乐讯 12月4日，有博主曝光一张刘翔妻子吴莎的青涩旧照，照片中，吴莎身穿运动短袖，满脸的汗水，疑似正在训练，一头蓬松的短发随风飞舞，发型不羁似杀马特。\r\n<p>\r\n	　　对此，网友纷纷围观留言，调侃称：“英雄怕见老街坊，明星怕翻老照片。”更有网友称撞脸李宇春，写道：“你要不说我还以为是李宇春呢！”（我是弥尔）\r\n</p>',1,0,'photoview/5844d0e9a037a.jpg','1480904937',1,0,0,0),(15,4,'TOP入伍前恋情曝光?网传女方为华裔名媛','新浪娱乐讯 据台湾媒体报道，韩国天团Big \r\nBang成员T.O.P去年被世界百大帅气脸蛋选为第8名，成为亚洲首帅，他曾与f（x）成员Krystal传出乌龙绯闻，但随着Krystal与EXO\r\n KAI热恋，T.O.P确定只是烟雾弹，明年二月即将入伍的他，今（3日）又传出恋情曝光，这回对象是父亲有“华裔食神”之称的名媛Asia \r\nChow。\r\n<div id=\"ad_44124\" class=\"otherContent_01\" style=\"margin:10px 20px 10px 0px;padding:4px;\">\r\n</div>\r\n<p>\r\n	　　<strong>TOP与女方Instagram上互动频频</strong>\r\n</p>\r\n<p>\r\n	　　出道多年的T.O.P去年4月总算开通了Instagram，他常在上面分享个人生活与喜欢的艺术作品，今年10月更因此受邀成为年轻艺术策展人，没想到粉丝追踪他的IG，追着追着竟发现近来他与一名美籍华裔名媛Asia\r\n Chow互动频频，T.O.P常不避嫌替她点赞留言，两人默契十足，连发文用的井字标记都很像，T.O.P更多次到Asia \r\nChow父亲开的餐厅用餐，可见T.O.P连和对方爸爸关系也亲密。\r\n</p>\r\n<p>\r\n	　　而Asia \r\nChow曾受邀走秀、拍广告、登上时尚杂志，数量令许多超模望尘莫及，出身于有权有势华裔家庭的她，一家人都相当有来头，爷爷周信芳是一代京剧大师，父亲周英华则是高档中国餐厅“Mr.Chow”创办人，姑姑周采芹曾演出新版《红楼梦》（旧版新版）“贾母”，另一位姑姑是“茨姑”周采茨，曾捧红张国荣和张学友，如今Asia\r\n Chow与T.O.P传出恋情，虽有网友指证，但也有人轻松表示说不定只是好友，一切都是网友想太多。\r\n</p>',1,0,'photoview/5844d10c76417.jpg','1480904972',0,1,0,0),(16,4,'人妻郭晶晶优雅撩发抿嘴甜笑','<span class=\"num\"></span>\r\n<div class=\"swpt-1013\">\r\n	新浪娱乐讯 12月04日，郭晶晶出席北京某代言活动，她身穿黑色外套优雅撩发抿嘴甜笑，大腿粗壮。（图文/视觉中国）\r\n</div>',1,0,'','1480905001',1,0,0,0),(17,3,'男女主播直播商场过夜被抓 民警办案也被拍(图)','直播平台的火热让一些主播不择手段，前天晚上，有主播在四元桥宜家商场直播，挑战店内过夜，并称希望能躲过检查。但在商场关门没多久，参与直播的几人就被保安发现。昨天，宜家四元桥商场回应北京晨报记者称，商场不提倡此类做法，今后将加强安全巡查，杜绝此类事件发生。而参与直播的主播昨天也发文致歉，称并无恶意。\r\n<p>\r\n	　　<strong>直播在宜家过夜&nbsp;躲进衣柜被抓</strong>\r\n</p>\r\n<p>\r\n	　　有网友爆料称，前天晚上，一男一女晚上进入四元桥宜家商场直播挑战“在宜家过夜”，一时间引发众多网友观看和热议。昨天上午，“一直播”APP已经将与此有关的直播内容删除，记者多次拨打其客服电话，一直无人接听。\r\n</p>\r\n<p>\r\n	　　一些观看了此次直播的网友介绍，直播视频中的两人一开始只是和普通顾客一样就餐、闲逛，但他们之前就爆出“秀点”，称要蒙混过关在宜家里过夜。\r\n</p>\r\n<p>\r\n	　　“晚上快10点，视频里还能听到宜家商场关于营业时间结束的广播，提醒大家尽快离开商场。但此时这两人开始找地方‘隐身’，躲进了一个大衣柜。”观看了直播的网友小米说，自己也是宜家的常客，对商场并不陌生，“那么多的床铺、衣柜、样板间，我自己也想过，这里面要藏了人，能不能被发现啊。所以昨天晚上我就被这个直播吸引了，想看个究竟”。\r\n</p>\r\n<p>\r\n	　　从网传的图片中可看到，躲进衣柜后，男主播开启了第二段直播，尽管光线黑暗，但男主播依旧向大家讲述着进展。据看直播的程先生回忆，商场关门没多久，就有保安到处检查巡视，“他们（主播）也意识到有人来了，就不说话，视频里能听见保安挨个开关柜门的声音，到了他们那儿的时候视频没影了，人被保安发现后支支吾吾，没了视频图像，但声音还在”。\r\n</p>\r\n<p>\r\n	　　小米说，商场保安发现他们后报了警，警察来了以后直播还在继续，中间可以听到警察对被抓的几个人进行询问，“当时我才感觉到参与这直播的不止一男一女，另外还至少有一个人，之后警察查看几人身份证的过程也被直播出来了”。\r\n</p>',1,0,'photoview/5844d1954c4b4.jpg','1480905109',0,1,0,0),(18,3,'3岁女童被裹5层衣服晒太阳 口吐白沫晕厥','本报讯（记者王恺凝 通讯员赵林）昨天天气晴好，不少家长带着孩子享受冬日暖阳。谁知3岁的宝宝晒了会儿太阳后突然口唇发绀、浑身颤抖，最后还口吐白沫晕厥了过去，这一下可把奶奶吓得直哭。\r\n<div id=\"ad_42120\" class=\"otherContent_01\" style=\"margin:10px 20px 10px 0px;padding:4px;\">\r\n</div>\r\n<p>\r\n	　　希希前阵子感冒发烧，昨天刚刚好转。想着孙女在家憋了一个多星期，张婆婆见天气不错，下午便带着孩子在小区内晒太阳。张婆婆怕希希感冒复发，给她裹了足足有5层衣服。希希和别的小朋友玩了40多分钟后，突然浑身颤抖，牙关紧闭，最后竟然口吐白沫晕厥了过去。吓得直哭的张婆婆连忙拨打120，将希希送到附近的汉阳医院。\r\n</p>\r\n<p>\r\n	　　“这是典型的高热惊厥。”该院儿科主任梅贵春教授说，希希本来就刚退烧，体温偏高，晒太阳过程中体温快速升高，再加上衣服穿得太厚，引起高热惊厥。梅贵春说，最近天气持续晴好，几乎每天都有孩子因为晒太阳引起发热而就医，都是感冒发烧后家长护理不当，给孩子加衣服捂汗捂出来的。\r\n</p>\r\n<p>\r\n	　　梅贵春提醒，孩子体温调节能力差，汗腺不发达，加衣服、盖被子等“捂汗”法，不但不会减轻孩子病情，还会因不通风导致热度不能通过皮肤散发而加重发热，从而诱发高热惊厥。“越是发烧越不能随便增添衣物，室内温度也不能太高，应该保持空气流通以利于孩子散热降温。”\r\n</p>',1,0,'','1480905130',0,0,0,0),(19,3,'村民因矛盾持刀行凶致2死1伤 动刀前主动递烟','昨早7时许，沈阳市辽中区浦东街道达子营村发生杀人案，村民吴某喜持刀将村民任某扎伤，又将吴某英、陈某二人杀害，后吴某喜自杀身亡。\r\n<p>\r\n	　　事发过程中吴某英、任某家起火，造成两家房屋损坏。沈阳市公安局、辽中分局警力第一时间赶到现场处置，目前此案正在进一步调查中。\r\n</p>\r\n<p>\r\n	　　<strong>右臂受伤求村民打119</strong>\r\n</p>\r\n<p>\r\n	　　辽中区达子营村由三个村合并而成，此案发生在三村之一的西荒地村。三村合并后，西荒地村的名字不再使用，但仍会出现在周边村民口中。任某的职务也从西荒地村主任变成了达子营村副书记，但实际上还是负责原西荒地村的事务。\r\n</p>\r\n<p>\r\n	　　昨晚6时许，西荒地村一家超市店主回忆了事发时的情形，“早上7点多，有人‘咣咣’死命砸房门，我穿着小裤头下地给开门。”他说，任某右臂流血，站在门口只说了一句话：房子着了，快打119！\r\n</p>\r\n<p>\r\n	　　任某说完跑开，超市店主赶紧拨打了火警。他跑到屋外向东一看，不远处任某家的房子正冒出滚滚黑烟，吴某英家的房子也起火了。\r\n</p>\r\n<p>\r\n	　　此时超市店主还搞不明白，为啥任某右臂受伤流血却让他打119？此时任某也不知道，他担心的村民吴某英和陈某两口子已经遇害……\r\n</p>\r\n<p>\r\n	　　<strong>动刀前 他递出一支烟</strong>\r\n</p>\r\n<p>\r\n	　　昨晚7时许，辽中区人民医院。病房里的任某右臂缠着纱布，躺在床上输液。七八位亲友赶到病房探视，交谈提及事发过程，任某会坐起来示意。\r\n</p>\r\n<p>\r\n	　　任某家和吴某英家很近，中间只隔4户人家。昨早7时许，吴某英的妻子陈某跑到了任某家。“她让我去看看，说吴某喜找上门来了，好像带着刀。”任某回忆。\r\n</p>\r\n<p>\r\n	　　任某一路小跑来到吴某英家院中，此时吴某喜和吴某英正站在院中面对面交谈。“我到了之后，为了缓和气氛，朝吴某喜要了根烟。”任某说，吴某喜掏出黄色包装的红梅烟，递了一支过来。\r\n</p>\r\n<p>\r\n	　　“吴某英71岁了，是村里的会计，我在村里当干部30来年，跟他一直配合得不错。”任某说。西荒地村任和吴都是大姓，吴某喜50多岁，尽管比吴某英岁数小不少，但二人是平辈。\r\n</p>\r\n<p>\r\n	　　吴某喜在当地从事婚丧嫁娶一条龙服务，又会杀猪做酒席。“你想啊，干这个活的人脾气得好，还得会说话，是个面上人才行。”村民们说，吴某喜平时没有喝大酒的习惯，也没听说有别的恶习，但近一个半月以来，吴某喜几次找吴某英“谈事”未果，二人产生矛盾。\r\n</p>',1,0,'photoview/5844d1c922551.jpg','1480905161',1,0,1,0),(20,3,'辽宁运钞车劫案回访：疑犯母亲因欠债被诉','李绪义是2016年9月7日轰动全国的辽宁运钞车抢劫案嫌疑人。\r\n<p>\r\n	　　当天，大石桥市所属的辽宁省营口市官方宣布：李绪义持疑似手枪（自述为玩具手枪，警方正在核实），抢走人民币600万元。经警方全力工作，600万元赃款已被全部追回……\r\n</p>\r\n<p>\r\n	　　时隔近3个月，李绪义抢劫运钞车的真相究竟是什么？他的家人怎样了？该案进展到了什么程度？12月3日，封面新闻（thecover.cn）记者来到营口大石桥市，对其家人和代理律师进行采访。\r\n</p>\r\n<p>\r\n	　　疑犯母亲：被债主起诉\r\n</p>\r\n<p>\r\n	　　大石桥市，属辽宁营口管辖，地处辽河下游，是镁制品之乡。\r\n</p>\r\n<p>\r\n	　　提起今年9月7日发生在这座小城的运钞车抢劫案，当地的出租车司机无人不知。一位司机径直将记者载到了大石桥刑警大队，说李绪义的家就在这附近。\r\n</p>\r\n<p>\r\n	　　事实上，这里并非李绪义真正的家。\r\n</p>\r\n<p>\r\n	　　李绪义的家在大石桥溥洛铺镇李大屯村，家中两兄弟，他排行老大，今年35岁。紧邻大石桥市刑警大队的这间房子，是他妻子二姨家的，他们暂住。\r\n</p>\r\n<p>\r\n	　　记者来到这里，李绪义母亲王红（化名）开了门。这位60多岁的老人与事发时相比，两鬓多了些白发。为了方便照顾儿媳和孙子，事发后，她和丈夫搬到了这里。\r\n</p>',1,0,'photoview/5844d1e639387.jpg','1480905190',1,0,0,0),(21,3,'女子思念宝宝归家心切飙车 车速过快冲入水塘','原标题：思念宝宝高速飙车 女司机车陷水塘\r\n<p>\r\n	　　本报讯 思念才满1岁的宝宝，归心似箭的女司机在常合高速上一路狂飙，结果将车开进水塘里，发动机都从车体内掉了出来。\r\n</p>\r\n<p>\r\n	　　不久前一天傍晚，家住合肥的女司机徐某因到上海出差一个星期，十分思念才满1岁的宝宝，便驾驶私家车从上海往家行驶。当她驶至常合高速东向西方向211公里处附近时，因长时间驾车且车速过快，车辆失控冲出道路，翻车坠入路边一水塘中。\r\n</p>\r\n<p>\r\n	　　南京交警高速十一大队民警接警后赶到现场，车子侧翻在水塘中，幸好水不深，徐某正挣扎着从水塘中往外走，路边草坪上还散落着汽车发动机。\r\n</p>',1,0,'','1480905208',0,0,0,0),(22,3,'团伙操纵聋哑人偷窃:一天2千 不听话就“割喉”','日前，公安部对外发布，涉案13省的拐骗操纵聋哑人违法犯罪专案成功告破。经四川、重庆、吉林、甘肃、辽宁等13省区市公安机关开展专案集中收网行动，截至目前共抓获嫌疑人464人，摧毁犯罪团伙75个，解救被拐聋哑人98名，破获各类违法犯罪案件859起。\r\n<p>\r\n	　　去年11月，吉林省长春市公安机关在工作中发现，以杨军为首的犯罪团伙拐骗操纵聋哑人从事违法犯罪活动，且作案地域广、涉案人员众多。在公安部的协调指挥下，四川省公安厅立即成立专案组，对境内涉案人员进行抓捕，团伙主要嫌疑人杨军在绵阳落网。\r\n</p>\r\n<p>\r\n	　　日前，华西都市报记者在绵阳看守所见到了被羁押的杨军，这个20多岁的小伙子看上去很阳光，通过手语老师的现场交流，他讲述了自己从大学辍学后拐骗操纵聋哑人的犯罪经过。\r\n</p>\r\n<p>\r\n	　　聋哑大学生辍学 用QQ群组建扒窃团伙\r\n</p>\r\n<p>\r\n	　　10月12日，身着囚服的杨军在绵阳看守所里不停地用手语向记者比划，讲述自己这么多年的经历。据杨军介绍，他曾是重庆一所大学的聋哑学生，由于交际圈子小，怕以后找不到工作，就中途退学，回到成都开始了街头扒窃生涯。而杨军的体格健壮，在与他一起扒窃的残疾人中很有影响力，就被推荐为带头人。2014年，杨军和另一同伙、同样是聋哑人的杨宁以及正常人王强萌生出了组建团队行窃的想法。\r\n</p>\r\n<p>\r\n	　　为了壮大自己的团队，杨军等人用QQ群向群内的聋哑残疾人发布信息，说可以帮忙介绍工作，而且还可以通过这个群认识更多的残疾人，结识自己的伴侣。\r\n</p>\r\n<p>\r\n	　　杨军的女朋友薛玉就是通过QQ群认识的。2012年初，还未成年的薛玉抱着试一试的态度找到了杨军。刚开始时，由于薛玉年龄小，杨军团伙成员行窃时，薛玉就在外围打掩护，“我们小组每天能偷几百元，但都要交上去进行分配。”薛玉说，她当时做的贡献不大，挣的钱非常少。\r\n</p>\r\n<p>\r\n	　　后来薛玉成为杨军的女朋友，杨军就不再让她行窃，负责保管每天各个小团伙交上来的钱。据薛玉介绍，和杨军成为男女朋友后，杨军就带她开着车四处旅游，还给她买了不少貂皮大衣、LV包包等奢侈品。\r\n</p>\r\n<p>\r\n	　　找工作、找伴侣，这些诱人的信息，让不少聋哑人聚焦了起来，加入了杨军等人的团伙。“我们在邀约这些残疾人时，都是先给他们出车票，等他们满意了再给他们‘工作’。”杨军用手语比划说。\r\n</p>\r\n<p>\r\n	　　统一租房管理 “业绩”好的派到外省\r\n</p>\r\n<p>\r\n	　　将这些聋哑残疾人骗到一起后，杨军就将他们的身份证、残疾证搜走，为他们统一租房，统一管理，并进行培训。培训完成后，就将这些人员派到车站、广场等密集型场所行窃，并按“业绩”进行利润分成。\r\n</p>\r\n<p>\r\n	　　杨军说，他们团伙的行窃都是由胖子杨宁负责安排，先指定片区负责人，随后是小组长。扒窃小组都是新老搭配，其中一人行窃，另一人打掩护，而新入伙的人员则由小头目负责带领，在外围打掩护的同时，学习扒窃经验。“派出去的人要看运气好坏，最多的时候，一个小组一次能挣到2000元钱。”\r\n</p>\r\n<p>\r\n	　　杨军等人在团伙操控中，还将经验成熟的人员分配到外地行窃，再把外地的人员引进本地。“这样便于管理，让他们依赖我们。”杨军说，对于那些长时间没能扒到钱的人员，他们会将其赶出团队。据杨军交待，这个扒窃团伙不断壮大，最后发展成跨13个省区市的聋哑人扒窃团伙，主要成员达400多人。仅跟在杨军身边的就有20余人，每天的收入很是可观。\r\n</p>',1,0,'','1480905229',0,0,0,0),(23,3,'数人为劫夺被押亲戚 高速上将警方车辆撞坏逼停','大河网讯（记者 \r\n宋向乐）为将被警方抓捕的嫌犯留下，嫌犯的数名亲戚驾驶多部车辆在高速路上跟踪追逐、撞停警方车辆，所幸商丘高速交警、柘城县公安民警、汕头公安民警及时处置，嫌犯才没被“抢”走。8月24日，大河网记者从商丘市高速交警获悉，该案件因涉及报假警、劫夺被押解人员等违法犯罪行为，商丘市高速交警依法将涉案车辆等移交至柘城县刑警大队作进一步处理。',1,0,'photoview/5844d2eb1e848.jpg','1480905451',1,0,0,0),(24,3,'重庆武隆 纵情于山水之间','芙蓉洞位于位于武隆县江口镇4千米处的芙蓉江畔，发现于1993年5月。芙蓉洞主洞长2700米，总面积3.7万平方米，其中“辉煌大厅”面积1.1万平方米，最为壮观。\r\n<p>\r\n	　　洞内的“生命之源”“珊瑚瑶池”“巨幕飞爆”“石花之王”“犬牙晶花池”并称为芙蓉洞“五绝”被世界洞穴专家誉为“斑斓辉煌的地下艺术宫殿”。特别是珊瑚瑶池系由水池中色泽浅黄的方解石晶花和浮筏石笋构成，池水面积约30平方米，水深0.5—1.3米，水质清沏透底，珊瑚瑶池以其面积最大的水下晶花为世所罕见，生长在晶花浮筏上的两根翠玉般的石笋，尤如瑶池中的两位妙龄仙女，更是洞中之珍品。而珊瑚池上的整个上部空间，更为琳琅满目的鹅管钟乳石，石幔、石花和卷曲石等各类沉积物所布满，显得无比豪华富贵。\r\n</p>',1,0,'photoview/5844d3d307a12.jpg','1480905683',1,0,1,0),(25,6,'舟行碧波上，人在画中','游览同里这样知名的古镇，一定要早起，因为只有在清晨，才可以踏着安静的石板小路，看着当地的居民在河边洗衣、洗菜，或者生火，这种少有游人的生活气息才是古镇原汁原味的状态，才是江南水乡该有的悠闲时光。因为同里不仅是看的，更在于品的，只有这样才能融入其中，超越一桥一楼的具象，直抵人心。',1,0,'photoview/5844d41c07a12.jpg','1480905756',1,1,0,0),(26,9,'三月采摘季 带你领略津城里的“莓”好时光','三月的阳光，透着丝丝暖意，让人禁不住开始憧憬户外的缤纷世界。早春，正是草莓旺季的开端。倘若不想错过最新鲜最纯正的味道，就请卷起衣袖，来到田间地头，一起来采摘草莓，体验一番大自然的田园情趣吧。\r\n<p>\r\n	　　<strong>津南区名洋湖都市生态庄园</strong>\r\n</p>\r\n<p>\r\n	　　名洋湖都市庄园位于津南区小站镇，与小站练兵园、天山海世界米立方旅游景区隔河相对。每年的这个时候，正值名洋湖生态庄园内的有机草莓采摘旺季，主要品种为红颜和章姬，这里的草莓鲜美红嫩，果肉多汁，酸甜可口，香味浓郁，被誉为“果中皇后”。大草莓，快到碗里来~~\r\n</p>',1,0,'photoview/5844d44b0f424.jpg','1480905803',0,0,1,0),(27,4,'武汉花乡茶谷，有花有茶还有诗','<p>\r\n	花的乡，茶的谷，诗的海洋。花乡茶谷风景区位于武汉市黄陂区蔡家榨街红岗山地区（原蔡榨红岗山茶场），占地面积两万余亩，景区三面环山，一面抱水。山中古木繁茂，茶山层叠，溪涧奇石不绝，山花丛生；无论时光如何流转，四季怎么更替，这里都有山花烂漫、茶树吐绿。\r\n</p>\r\n<p>\r\n	漫步在景区，山野花草芳香徐徐，绿意葱茏茶香袅袅，波光潋滟湖水粼粼，色彩斑斓意境悠悠，都市里那些霾呀尾气什么的都遁无踪影，生活中那些忧呀烦恼什么的也忘得一干二净；一呼一吸间，感受着自然的清新与律动，身心空灵步伐轻快，有着陶翁“采菊东篱下，悠然见南山”的轻松自在与惬意怡然。\r\n</p>',1,0,'photoview/5844d4897de29.jpg','1480905865',0,0,1,0),(28,11,'【缤纷加勒比·第四季】Le Blanc的完美假期','<p>\r\n	每年一次的加勒比海假期，今年第三次选择了度假天堂：坎昆Cancun。\r\n</p>\r\n<p>\r\n	像拉斯维加斯或迪拜一样，坎昆(Cancun)是个永不停歇的狂欢城市，位于加勒比海畔，这里的美丽海滩最有吸引力，每年多达400万游客特意前来，豪饮啤酒的度假者忘情地高歌，这个城市散发着无穷的魅力\r\n</p>',1,0,'photoview/5844d5031e848.jpg','1480905987',0,0,1,0),(29,6,'篁岭，这里的徽州时光不老','<p>\r\n	淅沥的秋雨渐停渐歇，一夜寂静后，山乡在秋虫呢喃声中醒来，晨雾弥漫着山峦，柔和地光影洒进这个徽州山地村落，斑驳的粉墙像一幕画布，徽州女人总是比男人起得早一些，匆匆的身影走过一堵堵墙，像走进徽派壁画的故事中。\r\n</p>\r\n<p>\r\n	篁岭的梯田春天种油菜花，秋天种常绿经济作物，于是粉墙黛瓦映衬在山野，依然苍翠鲜绿，水墨诗意，清新自然幻若悠然南山。\r\n</p>\r\n<p>\r\n	蓝天被片片古樟树、枫树、红豆杉组成的密林挡住，深幽里只留下阳光滤过叶缝的光影。篁岭，山多地少，有“八分半山一分田，半分水路与庄园”之称。\r\n</p>\r\n<p>\r\n	四周群山环绕，<span style=\"font-size:14px;\">民居围绕水口呈扇形梯状错落排布</span>，层层叠叠，高低交叉，大户的人家建庭园楼阁，画梁雕窗，普通民居红砖垒砌，披一层青瓦，白色，红色，青色在绿树葱茏的怀抱中，赏心悦目\r\n</p>',1,0,'photoview/5844d5561ab3f.jpg','1480906070',1,1,1,0),(30,12,'【Tarina爱旅行】格鲁吉亚Ananuri| LP封面的神隐小城','Ananuri\r\n<p>\r\n	　　外高加索版《&nbsp;Lonely&nbsp;Planet&nbsp;Georgia，&nbsp;Armenia&nbsp;&amp;&nbsp;Azerbaijan》的封面，这三个国家的美景多不胜数，它竟然打败亚美尼亚最著名的那个传说中诺亚方舟停靠的湖泊而成为LP封面，可见其地位显著。\r\n</p>\r\n<p>\r\n	<br />\r\n</p>\r\n<p>\r\n	对许多旅行者来说并不是必到之地，到格鲁吉亚旅行的大多数人都是奔着卡兹别克或者MESTIA而去，却不曾知道，在从首都第比利斯去往卡兹别克的路上竟然会路过这座LP封面的神隐小城。\r\n	<div class=\"img_wrapper\">\r\n		<br />\r\n<span class=\"img_descr\"></span>\r\n	</div>\r\n	<p>\r\n		　　我们的行程是以第比利斯为中心，从Sighnaghi回到第比利斯后打车到Dedubi&nbsp;地铁站&nbsp;附近的汽车西站，本来打算乘坐巴士直接去卡兹别克，没想到刚把行李搬下计程车，就被一对德国父子捡了，他们问我们要不要一起包车去卡兹别克，路上还能在Ananuri&nbsp;Castle、Military&nbsp;Road和格俄边境停车拍照，80GEL一辆车，去格俄边境外加40GEL，于是愉快地被捡成功。\r\n	</p>\r\n	<div class=\"img_wrapper\">\r\n		<br />\r\n<span class=\"img_descr\"></span>\r\n	</div>\r\n	<p>\r\n		　　从第比利斯出发，一路风光无限，格鲁吉亚是一个特别适合深度游的国家，游客少、物价低，风景优美，当地人大多淳朴友善。经过这条桥，就到达Ananuri。\r\n	</p>\r\n	<div class=\"img_wrapper\">\r\n		<br />\r\n<span class=\"img_descr\"></span>\r\n	</div>\r\n	<p>\r\n		　　建议下车后，不要急着进入城堡，先走到刚刚的经过的桥中央，能拍到城堡的全景，可惜我们旅行的时候，城堡前的湖泊处于干涸期，不然拍到的照片会更美！\r\n 这里就像是童话里的世界，所有的一切都静止在它们建造的那个年代，附近没有任何现代的建筑物，一切都任由时光流逝，它们却美好如初。\r\n	</p>\r\n</p>',1,0,'photoview/5844d5b100000.jpg','1480906161',0,0,1,0),(31,12,'斯里兰卡的老司机带带我','斯里兰卡，还有一个美丽的名字——锡兰，是印度洋上的珍珠，像一滴动人的泪珠一般漂在那片深邃的海洋上。\r\n<p>\r\n	　　海上小火车、佛牙寺、加勒古堡、狮子岩、雅拉国家公园、品纳维拉大象孤儿院、丹布勒石窟等，都是游客们向往的地方。\r\n</p>\r\n<p>\r\n	　　可是对于这个国家的旅游体验却取决于司机，你信么？\r\n</p>\r\n<blockquote>\r\n	不一样的旅行方式\r\n</blockquote>\r\n<p>\r\n	　　在中国旅行，基本上一个省就是一个旅行地，更多的交通都是从出发市到目的地的市，然后在省内进行交通转换。\r\n</p>\r\n<p>\r\n	　　斯里兰卡有一个相较而言的特殊性，它是一整个国家的旅行，几乎到了斯里兰卡就将其全部游完，跟欧洲小国比起来它又不太一样，欧洲国家是属于发达类别，对旅行者来说表现在国内以及国家间的交通便利且多数直达。\r\n</p>\r\n<p>\r\n	　　可斯里兰卡的景点整个分布是比较散的，基本上的车程都是几个小时之间，这也使得斯里兰卡造就了一批包车行，并且路线规划相对灵活。\r\n</p>\r\n<p>\r\n	　　根据固定的景点，无论你从哪个地方开始出行，都有一个圆环状的路线让你随心安排起点终点，每车会给你配一位司机，全程跟，当然并不影响你体验一下宫崎骏海上小火车灵感来源的火车行，因为你在坐火车的时候，司机自己会开车到火车终点站接你。\r\n</p>\r\n<p>\r\n	　　听上去很方便，但却有一个不确定因素，就是——司机。\r\n</p>\r\n<p>\r\n	　　当然司机会确保你的安全，也不会出什么事，只不过，你好几天的旅行都会跟着司机一起，司机人如何，将直接决定着你的旅行体验。\r\n</p>',1,0,'photoview/5844d5cbe8b25.jpg','1480906187',1,0,1,0),(32,8,'泰国北部，还有一种清新叫楠府','我一直引以自豪的是去过泰国14次，自认为差不多走完了这个国度。可是有一天，SOM问我去过泰国的楠府没有时，我顿时傻了。\r\n<p>\r\n	我不仅没有去过，而且从来也没有听说过。\r\n</p>\r\n<p>\r\n	<br />\r\n</p>\r\n<p>\r\n	楠府位于泰国北部，与老挝接壤。\r\n	<p>\r\n		曼谷、清迈、清莱都有巴士到达这里，泰国的鸟航有固定的航班往返于曼谷与楠府，清迈每天也有航班到达这里。\r\n	</p>\r\n如同泰国的每一个地方，这里也有让人深爱的蓝天。但是比起泰国其它人山人海的知名景点，这里却有清新的空气与来自原野的风，最重要的是：这里藏在深闺，知道的人还不多，没有更多游人的打扰，完全是原生态\r\n</p>\r\n<p>\r\n	楠府有一座非常著名的寺庙叫“普明寺”，建筑独特，是典型兰纳风格。《孤独星球》曾把它形容为“东方的西斯廷大教堂”。\r\n</p>',1,0,'photoview/5844d60a44aa2.jpg','1480906250',0,1,0,0),(33,8,'罗尔事件带来的应该是理性而不是冷漠','从上午满屏的感动到中午满屏的质疑，到晚上的各方表态，罗一笑事件的网络情绪反转也就花了不到一天的时间，这一事件似乎再一次证明了我的判断：互联\r\n网上没有什么感动能超过一天。媒体采访到当事人，医院作出回应，官方有了声明，事实才渐渐清晰。孩子确实病重，不过孩子父亲的描述存在夸大，并不需要那么\r\n多钱。严格来说，算不上是骗捐，也不是借病情营销，我愿意用最大的善意去理解，这是一个救女心切的父亲用力过猛的表现，他本应该客观描述，本应该拒绝营销\r\n 元素。\r\n<p>\r\n	　　用力过猛的网络募捐，用力过猛的网络感动——引发质疑后，变成用力过猛的网络愤怒，不明不白的感动变成义愤填膺的声讨。特别不想看到这一事件带来什么网络后遗症，产生用力过猛的警惕，即使面对真实的苦难时也失去同情和爱心。罗尔事件带来的应该是理性，而不是冷漠。\r\n</p>\r\n<p>\r\n	　　看到一篇反思这一事件的文章，题目就让人很反感：低智商的善良，不如高智商的冷漠。——嘲讽那些善良的捐款者。我喜欢另一篇文章的题目所表 \r\n达的善意：你被罗尔的话打动了，不是什么羞耻的事。是啊，感到羞耻的应该是说谎者，而不是被悲情的故事感动的人，悲悯和同情是人之常情，无论如何，我们应\r\n该保持着这种悲悯感，而不能因为一些欺骗就失去悲悯和同情的能力。确实，悲悯之外需要理智的判断，但这种理智的判断不能变成一种对单纯善良的高贵冷艳的优\r\n 势感：你易感动，你被欺骗了，所以你很弱智你很LOW；我冷艳，所以我有智商优势感。\r\n</p>\r\n<p>\r\n	　　这种让人不舒服的智商优越感会变成一种冷漠，这不是反思罗尔应有的正确态度。\r\n</p>\r\n<p>\r\n	　　记得前段时间我写过一篇文章，批评“守规则的人死了，不守规则的却活下来”这个坏议题坏逻辑。几条新闻中，确实能看到遵守规则的人死去了， \r\n而不守规则的却活下来了——正确的反思姿态应该是：你们看，那些不守规则的人在制造着多少罪恶和悲剧，牵连了多少无辜者。车祸跟“守规矩”没有关系，不是\r\n “守规矩”导致了死亡，而是别人的“不守规矩”。\r\n</p>\r\n<p>\r\n	　　还有，发生做好事却被讹诈事件后，就会出现这样的议题：做好人却没好报，以后谁还敢做好人？——这显然也是一种坏逻辑。做好事被讹诈，应该去竭力还原真相，还好人以清白，去谴责无良的讹诈者，而不是反噬“做好人”这个不应受到质疑的命题。\r\n</p>\r\n<p>\r\n	　　我在好几篇文章中都表达过这样的意思，我们要有坚守一些价值的定力，不要被个案所摇摆。人们不要被那些因果错乱的坏逻辑所误导，不要被“守 \r\n规则的人死了”、“做好人却没好报”、“善良却被利用”这样的坏命题所污染，而去怀疑和动摇自己的规则信仰，变成那些歪理的信徒。不要因为世事太过复杂、\r\n 个案太过极端，而背叛了你的单纯、正义和善良。不要用别人的错来反噬自己的正确选择。\r\n</p>\r\n<p>\r\n	　　低智商的善良，不如高智商的冷漠——这是一个让人恶心的坏命题。是的，面对复杂的世事，我们需要判断力，爱心拒绝被消费，但不是让你对苦难 \r\n无所作为无动于衷，不是让你失去同情悲悯之心。罗尔事件中，应该批判的是说谎者，而不是把矛头指向人们单纯的善良。欺骗应受惩罚，不能因为欺骗就给自己的\r\n 冷漠找到冠冕堂皇的借口，无论如何不能失去善良的能力。\r\n</p>',1,0,'','1480906309',0,0,0,0),(34,8,'人才培育和精准扶贫双管齐下','一个国家级贫困县走出来的年轻人。2009年，他大学毕业进入世界500强公司工作。从实习生到公司小领导，只用了两年时间。正准备和对象结婚时，他意外发现自己得了白血病。\r\n<p>\r\n	　　回到县城，他欠了几十万元的债。他说：“在团组织的帮助下，我创业初期的项目就是打造电子商务平台。”说是电商平台，那时候他们只有3个 \r\n人，店铺也仅有80平方米。如今，他建起了网场县域农村电子商务服务中心，总建筑面积达4600平方米，形成了“互联网+农特产品”进城、工业产品下乡的\r\n 县域农村电商新模式。\r\n</p>\r\n<p>\r\n	　　自2015年4月团中央联合商务部印发《关于实施农村青年电商培育工程的通知》以来，全国共青团组织在青年电商工作中突出人才培育和精准扶 \r\n贫两条工作主线，取得显著成效。团中央书记处高度重视青年电商和脱贫攻坚工作，第一书记秦宜智、书记处书记汪鸿雁多次调研青年电商工作。秦宜智书记在内蒙\r\n古自治区调研时指示：“要抓住电子商务这一重点，帮助创业青年对接电商企业，加强对创业青年的电子商务技能培训，推动农村青年电商站点建设。”秦宜智还专\r\n 门批示：“发展农村电商是一举多得的大好事，一定要扎实抓好、坚持抓好。”\r\n</p>\r\n<p>\r\n	　　团广东省委副书记梁均达对此深有感触，他们摒弃了以往“普惠式”培训的方式，分专业、类别开展实用技术培训，提高项目的盈利能力。近几年， 开展了“百万农民学电脑”“返乡学子电商培训班”“农村青年电商领头雁培训班”等针对不同群体、不同需求的培训班超过300场。\r\n</p>\r\n<p>\r\n	　　在电商人才培育方面，各地团组织的主要做法包括：一是建立工作体系，通过技能培训、金融支持、领创建站点、跟踪服务等途径，重点培养依托电 \r\n子商务发展的农村青年创业致富“领头雁”，以及各级涉农创业青年协会组织成员，计划5年时间培养100万青年电商人才；二是做好价值引领，引导青年电商人\r\n才遵守诚信经营、遵纪守法的社会公德，积极承担社会责任，在实现自己创业梦的同时，感恩社会，带动周边人共同致富；三是抓好技能培训，与阿里巴巴、京东、\r\n苏宁及供销系统开展合作，实施青年电商人才培训项目，截至2016年11月，共培训青年电商人才120余万人次；四是推进青年电商孵化，大力推进青年创业\r\n示范园区建设，在全国范围内考核命名77个青年创业示范园区和众多青年互联网创业示范点，努力培育青年创业主体，引导青年创业创新。2016年，在第三届\r\n“创青春”大赛中共有3.7万个电商创业相关项目参赛；五是建立青年电商创业组织，筹备建立中国青年电商联盟，集中吸纳电商行业精英、电商企业高管、电商\r\n创业者、高校及研究院等电商领域专家，发挥他们的示范引领作用；六是做好跟踪服务，联合农业、商务部门以及各级农村青年致富带头人协会，通过设立协会会员\r\n专馆、开展专题展销活动等，打造农村青年电商网络展销平台或网络集市，拓宽农产品销售渠道，降低仓储配送成本，为农村青年电商提供沟通交流平台，培育创业\r\n 典型，营造良好社会氛围。\r\n</p>\r\n<p>\r\n	　　“通过培育农村电子商务人才，推动青年在农村开展电子商务创新创业，助力农业发展、农村改革和脱贫攻坚。”一位来自基层的团干说。\r\n</p>\r\n<p>\r\n	　　在电商精准扶贫方面，2016年11月，国务院扶贫办、团中央等16个部委联合下发了《关于促进电商精准扶贫的指导意见》，明确提出要进一步创新扶贫开发体制机制，将电商扶贫纳入脱贫攻坚总体部署，推动互联网创新成果与扶贫工作深度融合。\r\n</p>\r\n<p>\r\n	　　2013年12月，来自陕西省武功县的80后冯维，带着4个人在自家客厅开始了创业。这两年，他将当地传统的手工老粗布改造成时尚品牌，带 \r\n动了当地传统纺织手工业的发展。“我选择从一家百度官网店铺开始我的小生意，分别在京东、天猫、亚马逊上销售。”他介绍，目前已经带动500多人就业，并\r\n 且将这种合作社的模式复制到了别的贫困县。\r\n</p>\r\n<p>\r\n	　　全国团组织积极推动青年电商发展与脱贫攻坚相结合，引导、鼓励并支持贫困地区青年通过发展电子商务脱贫致富。一是重点关注832个国家级贫 \r\n困县青年电商知识的普及、技能的培训，培育电商意识。鼓励引导大学生、青年农民工返乡创业，通过青年电商带动就业，实现脱贫致富。整合政府、社会资源，针\r\n对贫困县开展电商扶贫的实际条件和迫切需求，推进电商基础设施建设，帮助贫困县电商对接市场。二是发挥银行业金融机构挂职干部作用。今年8月，团中央联合\r\n银监会下发了《关于做好2016~2017年度选派银行业金融机构优秀青年干部到县级团委挂职工作的通知》，明确要求2016年挂职干部派出工作要实现对\r\n国定贫困县的全覆盖。要结合共青团助力扶贫攻坚工作会议精神的要求，充分发挥挂职干部优势，协调有关部门通过设立发展基金、贷款贴息、税费减免等方式，为\r\n 青年电子商务创业提供支持。\r\n</p>',1,0,'','1480906334',0,0,0,0),(35,8,'本年度中国慈善捐赠总额首次突破1100亿元','中国慈善联合会今天在京发布《2015年度中国慈善捐助报告》（以下简称报告）。报告显示，中国慈善捐赠额在2015年保持上涨，本年度捐赠总额首次突破1100亿元，较2014年增长66.31亿元，增长6.4%，人均捐赠额达到81.69元。\r\n<p>\r\n	　　中国慈善联合会对2015年度我国境内的公开捐赠数据进行了全年监测，报告数据样本近11万条。\r\n</p>\r\n<p>\r\n	　　报告显示，企业捐赠额在2015年达到783.85亿元，捐赠额同比增加了8.6%，占捐赠总额的70.7%，所占比重同比增长1.47%，仍为国内捐赠的最主要力量。民营企业捐赠持续增长，占企业捐赠比例超过五成，国有企业捐赠占比明显上升，占企业捐赠比例由上年20.99%提升至32.77%。\r\n</p>\r\n<p>\r\n	　　2015年个人捐赠总额达到169.30亿元，较2014年上涨53.72亿元。其中个人小额捐赠（单笔金额在人民币1万元以下）总额从2014年的58.6亿上升为75亿元。报告认为，普通民众进行小额捐赠的规模不断扩大，说明中国社会的慈善氛围愈发浓厚，全民参与慈善的形势日渐成熟。\r\n</p>\r\n<p>\r\n	　　这一趋势与网络捐赠平台的发展有着直接关系。公开、透明、便利等特点使网络捐赠成为普通民众、尤其是年轻人奉献爱心的首选途径。报告显示，2015年，通过（新浪）微公益平台、腾讯公益、蚂蚁金服公益平台、淘宝公益等4家平台进行捐赠的总人次超过30亿，是2014年的3倍，4家平台获得捐赠9.66亿元，较2014年上涨5.41亿元，涨幅达127.29%。\r\n</p>\r\n<p>\r\n	　　在（新浪）微公益平台、腾讯公益和蚂蚁金服公益平台上，医疗救助是捐款的主要去向，分别占3家平台的81%、50%和17%。从需求方来看，以微公益为例，医疗救助类筹款额所占比重从2014年的42%上升至81%，项目数所占比重由48.6%上升为61.6%。\r\n</p>\r\n<p>\r\n	　　蚂蚁金服公益平台的数据显示，70后80后90后是网络捐赠主力。其中90后捐赠人数占比过半，但捐赠金额远落后于70后和80后，70后80后所捐金额占总额的72%。人均捐赠额最高的是70后，达到104.68元/人。\r\n</p>\r\n<p>\r\n	　　报告同时显示，2015年获得捐赠最主要的3个领域分别是教育、医疗健康和扶贫，与2014年总体保持不变，教育超过医疗健康，跃居第一位。这三大领域接收的捐赠占总额的66.73%。\r\n</p>\r\n<p>\r\n	　　从捐赠接收方来看， \r\n2015年社会捐赠的主要接收方仍为基金会和慈善会系统，二者接受捐赠占总额的69.64%。慈善会系统、国家党政机关、红十字会、人民团体和免予登记组织、事业单位等机构和组织，在2015年接收捐赠款物共计609.31亿元，占总捐赠量的54.96%，较2014年下降6.40%。\r\n</p>',1,0,'','1480906348',0,0,0,0),(36,8,'传梦携手爱心企业帮乡村儿童圆梦七彩课堂','<p>\r\n	12月2日下午，一场丰富多彩而又别开生面的“传梦·圆梦”系列公益活动在上海大剧院拉开帷幕。在持续了近五个小时的整场活动中，与会嘉宾和公益爱心人士不仅有机会更加深入地了解了中国社会福利基金会传梦公益基金“资教工程”项目的各项开展情况，更在聆听音乐会和参与拍卖的愉悦过程中，为乡村孩子们奉献了自己的爱心，助力他们圆梦七彩课堂。贵州省副省长陈鸣明、中国社会福利基金会副秘书长缪瑞兰等相关政府、主管部门领导受邀出席了此次活动，此外，活动还吸引了包括驻华使节、海外侨胞、社会名流、杰出企业家、演艺明星等各界共计100多位爱心人士的到场参与。\r\n</p>\r\n<p>\r\n	“资教工程”是中国社会福利基金会传梦公益基金在边远农村贫困地区推行的精准教育扶贫公益项目，旨在从根源改变贫困农村学校教育面貌。该项目通过为学校配备专业教师（体育、音乐、美术、英语、计算机等），给孩子一个七彩的学习课堂，使学生有机会享受与城里孩子一样的均等教育资源，提升学生德、智、体、美、劳整体综合素质的发展，并从根本上解决了偏远乡村教育资源短缺、留不住人才的实际问题。\r\n</p>',1,0,'photoview/5844d6ab6acfc.jpg','1480906411',1,0,0,0),(37,8,'红丝带多方合作举办艾滋病日主题活动','<p>\r\n	2016年12月1日是第29个世界艾滋病日，今年艾滋病日的主题是“携手抗艾 \r\n重在预防”。中华红丝带基金在世界艾滋病日期间与多方合作举办“防艾公益宣传城市挑战赛”、“爱与生命”2016世界艾滋病日慈善音乐晚宴、“青春以爱抗艾\r\n • 音乐点亮人生”大型公益演出，并在北京航空航天大学举办世界艾滋病日主题宣传活动，活动上还录制了《我是大医生》艾滋病日特别节目。\r\n</p>\r\n<p>\r\n	2016年11月14日，2016年世界艾滋病日主题宣传活动在北京航空航天大学举行。世界卫生组织结核病/艾滋病防治亲善大使、国家卫生计生委预防艾滋病宣传员彭丽媛，国家卫生计生委副主任王国强、崔丽，教育部副部长杜占元，全国工商联副主席、中华红丝带基金理事长谢经荣，北京航空航天大学党委书记张军，共青团中央书记处书记尹冬梅，世界卫生组织驻华代表施贺德等出席活动，有多领域著名专家与爱心人士，有同学们特别喜爱的红丝带大使白岩松、康辉、春妮、鞠萍、沈娜、沈腾、吴牧野。中华红丝带基金作为活动的支持单位邀请基金理事会员出席。\r\n	<p>\r\n		　　在活动现场，主持人康辉、春妮发布了2016年世界艾滋病日主题宣传海报，介绍了《我为防艾出份力》主题宣传网络征集活动。北京电视台结合主题宣传活动，现场录制《我是大医生》特别节目，节目将在12月1日北京台播出。活动录制借助舞台道具与影像技术，通过实证实验、大屏动画等多种表现方式，尚红、吴尊友、赵红心、孙丽君四位艾滋病防治专家一一登台，清晰而直观地展示了艾滋病毒对人体的危害、传播途径，以及相关的预防、检测、治疗等知识；接诊过数千位艾滋病人并帮助一位位阳性妈妈产下健康宝宝的孙丽君大夫，在现场赢得了经久不息的掌声。活动中，彭丽媛大使和现场的嘉宾、大学生一起举起防艾宣传牌，倡导全社会行动起来，为防艾贡献力量。\r\n	</p>\r\n</p>',1,0,'photoview/5844d6cadd40a.jpg','1480906442',1,0,0,0),(38,8,'爱茉莉焕彩课堂项目为两癌患友提供护肤彩妆技巧','<p>\r\n	12月1日，“爱茉莉太平洋妆典生命•焕彩课堂”最后一站来到北京，为50名女性“两癌”（即乳腺癌和宫颈癌）患友提供护肤及彩妆技巧，并与她们共度了一个愉快的下午；这也是爱茉莉太平洋中国标志性公益项目“妆典生命”在2016年的收官活动。爱茉莉太平洋与合作伙伴——中国妇女发展基金会（以下简称“妇基会”）共同回顾了这一项目启动一年来的公益足迹。\r\n</p>\r\n<p>\r\n	中国妇女发展基金会副秘书长张建岷女士表示：“通过这一年的合作，我们见证了爱茉莉太平洋在女性公益事业上的努力与成效，感受到她们对女性健康的真切关注与实践精神。这对于提高女性健康意识，号召社会共同关注，乃至切实解决一些贫困地区女性的实际问题，都有非常积极的意义。我们期待这样的项目可以持续开展下去，使更多中国女性从中受益。”\r\n</p>',1,0,'photoview/5844d6efd9701.jpg','1480906479',0,0,1,0),(39,8,'马庆钰：非公募基金会发展急需增加制度供给','近年来，随着我国经济发展步入新常态，在推进经济供给侧改革的背景下，社会改革与社会治理也呈现出一种与过去不同的新格局，尤其是《中华人民共和国慈善法》的出台，为慈善事业的发展提供了强劲动力。作为慈善事业重要组成部分的非公募基金会无疑也面临巨大的想象空间。\r\n<p>\r\n	　　11月22日~23日，中国非公募基金会发展论坛·2016年会即将在上海举行，为新格局下的非公募基金会谋划未来。论坛召开之际，《善达网》专访国家行政学院社会和文化教研部副主任马庆钰教授，请他谈谈非公募基金会的未来想象空间。\r\n</p>\r\n<p>\r\n	　　<strong>非公募基金会的三个困境</strong>\r\n</p>\r\n<p>\r\n	　　善达网：近年来公益界有个现象，就是非公募基金会发展很快，数量和规模增长速度在年均100%以上，成为社会组织的生力军。作为一位业内专家，您认为出现这种现象的原因何在？\r\n</p>\r\n<p>\r\n	　　马庆钰：这与中国30多年经济的持续增长和社会财富规模扩大直接相关。而且，在中国步入社会转型的新阶段后，政府下决心在“改进社会管理”和“改进社会服务”的同时也“改进社会参与”，并相继出台了《政府向社会力量购买服务的指导意见》、《慈善法》、“促进社会组织健康有序发展的意见”，以及着手修订社会团体、基金会、社会服务机构登记管理条例等文件，为社会组织的发展创造了越来越大的政策和制度空间。\r\n</p>\r\n<p>\r\n	　　还有就是，社会转型中出现的如城镇与农村贫困问题、老龄化问题、生态环境问题等大量社会问题，也引发了一些有责任感和使命感的企业家的担忧。他们创立非公募基金会、社会服务机构等自发组织，决心为改变这种现状贡献资本和力量。\r\n</p>\r\n<p>\r\n	　　善达网：这与20世纪初美国的情景颇为类似，洛克菲勒、福特等一些资本家意识到巨大贫富差距及百姓怨声载道背后的潜在危机，拿出钱来创立了很多公益基金会。\r\n</p>\r\n<p>\r\n	　　马庆钰：创立非公募基金会等非官方组织是社会进步的结果，是一种社会责任意识的觉醒。非公募基金会能够汇集民间资本，通过在社会领域的服务推动经济和社会的发展。相比上个世纪的美国而言，我国现阶段的非公募基金会等非营利组织承担着更为特殊的时代使命，要推动经济结构和社会结构的良性调整，推动社会组织成为经济发展的新增长点，要引领社会慈善道德文化，要在国家治理现代化中发挥作用。\r\n</p>\r\n<p>\r\n	　　善达网：自我国第一家在民政部登记设立的非公募基金会成立至今，已有十余年时间，据统计，现在总数量已达3598家。非公募基金会在迅速发展的同时，你认为面临哪些需要突破的困境？\r\n</p>\r\n<p>\r\n	　　马庆钰：虽然非公募基金会整体发展呈较为良好的上升趋势，但我们也要承认在其发展的过程中遇到很多问题。这些问题主要体现在三个方面：首先，无论从非公募基金会的绝对数量和相对数量来看\r\n ，还是从总资产和支出规模、以及慈善捐赠总额和对GDP和就业等多项指标来看，与发达国家相比，差距还很大。\r\n</p>\r\n<p>\r\n	　　其次，非公募基金会的资助方向大都偏好于教育以及传统的救灾济贫、扶弱助残等救济领域，而致力于健康医疗卫生、艺术文化、公共服务、社区发展、政策倡导等更为广阔的社会公共领域内的资助则较弱。也就是说，大多数非公募基金会在使命的追求上与社会的要求还有差距。\r\n</p>\r\n<p>\r\n	　　第三，非公募基金专业化和职业化不足，远远不能满足非公募基金会迅速发展的需要。而且，由于缺乏既懂公益又有市场化运作能力的人才，基金会不能自我造血，很难实现可持续发展。\r\n</p>\r\n<p>\r\n	　　善达网：其实，这三个方面更多的是非公募基金会自身存在的问题，非公募基金会面临的制度困境应该也很突出。\r\n</p>\r\n<p>\r\n	　　马庆钰：没错。尽管随着社会组织发展改革的展开和推进，尤其是《慈善法》的出台，非公募基金会的整体环境逐步从偏紧的控制走向相对宽松的管理。但制约非公募基金会发展的因素依然不少。首先，税收优惠需要更有实质性安排。目前非公募基金会申请免税资格还是不容易，而且即便申请成功的非公募基金会也仅仅享受捐赠、政府补助、会费、不征税收入和免税收入孽生的银行存款利息五项收入免税。政府购买服务的收入不能免税，还有基金会用来投资的收益也不能享受免税。按照现在的优惠政策，非公募基金会主观上不想且客观上很难做大做强。与此相关的是相关的税务账簿、凭证和会计制度以及发票管理都不太完善，各种票据使用比较混乱，给税务部门带来困扰，税收优惠也难以落实。\r\n</p>\r\n<p>\r\n	　　第二，管理费用支出的比例仍具有压力。根据最近公布的“关于慈善组织开展慈善活动年度支出和管理费用的规定”，非公募基金会年度管理费用按照上年终净资产规模规定了12%、13%、15%和20%四个档次，虽然比原来有所提高，但还是很难帮助基金会维持一个基本的专业人员管理队伍。\r\n</p>',1,0,'','1480906497',0,0,0,0),(40,8,'姚明：做慈善最重要是改善人与人之间的关系','<p>\r\n	<strong>把体育当教育来做</strong>\r\n</p>\r\n<p>\r\n	　　《中国慈善家》：我在翻阅文字和影像资料的时候，感觉你好像不太愿意面对媒体。\r\n</p>\r\n<p>\r\n	　　姚明：我感觉媒体是社会里非常重要的一部分，我首先要搞清楚：不管你喜欢不喜欢，媒体都是存在的。而且“我是谁”，决定了我必须要面对这些东西。\r\n</p>\r\n<p>\r\n	　　《中国慈善家》：听上去好无奈。\r\n</p>\r\n<p>\r\n	　　姚明：我不想说是无奈，但是就像篮球界里说的一句话:有时候虽然你努力了，但还是无法改变输赢的结局，我们可以做的，是用什么态度去面对。对媒体也是一样，我怎样去面对媒体，是我自己选择的一种态度。你要说无奈，可能我要检讨一下自己的态度。\r\n</p>\r\n<p>\r\n	　　《中国慈善家》：怎么讲?\r\n</p>\r\n<p>\r\n	　　姚明：我相对来说是喜欢安静的人，但是如果要把事情做好，肯定需要更多志同道合的人一起做。与媒体也是一种合作，客观上讲，媒体的水平一定程度上决定了我的态度，当然，态度是自己决定的，虽然有时候也受客观因素影响，但我们不能过度强调这一点，应该更多地去修炼自己，要明白自己想做什么事。\r\n</p>\r\n<p>\r\n	　　《中国慈善家》：你现在对媒体的态度可能稍微平和一点，是最近几年才发生的变化吗?\r\n</p>\r\n<p>\r\n	　　姚明：我认为这个和我身份的转变和成长是有关系的。运动员的职业生涯和我现在所处的这个阶段完全不一样。运动员有时候情商比较低，当你在一个极小的领域里做到极致的时候，不可能把精力花费到其他地方。我还是职业运动员的时候，所有精力都在篮球，很多时候我认为媒体打扰了我的清净，虽然我知道职业化体育、市场化体育的发展离不开媒体，但人在那个阶段，对它的理解能力有限。\r\n</p>',1,0,'photoview/5844d71ba037a.jpg','1480906523',1,0,0,0),(41,8,'空巢老人救助行动','<p>\r\n	每个人都终将在社会演进中慢慢老去，空巢老人已经演变为社会性问题，帮助他们改善生活，从心灵深处温暖他们是我们的责任！\r\n</p>\r\n<p>\r\n	<br />\r\n<strong>空巢老人救助行动</strong> \r\n</p>\r\n<p>\r\n	2014年10月25日晚，一对浙江嘉兴空巢老夫妇被发现双双在家离世。发现他们去世的，是二老在上海工作的儿子——连续3个星期，儿子打不通家里的电话，匆忙赶回家中，发现悲剧已无法挽回。\r\n</p>\r\n<p>\r\n	目前，我国已进入人口老龄化加速阶段。我国老龄人口正以每年3.28%的速度增长，老年人口增长速度超过人口增长速度。专家预计，到2030年我国老龄人口将近3亿。其中，空巢老人家庭比例或将达到90%，这意味着届时将有超过2亿的空巢老人。他们在城乡各处静静地生活，因为孤单，面临着很多问题：突发急病无人知晓、慢性疾病无人照料，孤独抑郁的情绪无法排泄，甚至对生活失去希望……\r\n</p>\r\n<p>\r\n	您捐赠的善款我们将帮助空巢老人推荐到就近养老机构；对“三无”老人将资助入院；我们为不愿入住养老机构的空巢老人赠送一定的慰问金、生活必需品、呼叫器或视频播放机,组织志愿者为独居老人定期上门服务。\r\n</p>\r\n<p>\r\n	我们每个人都终将在社会演进中慢慢老去，希望能有更多的人参与进来，共同关心和帮助空巢老人们，为他们解决实际生活困难。关爱老人的今天，就是关爱自己的明天！\r\n</p>\r\n<p>\r\n	善款使用情况我们将在网站上公布，欢迎社会监督。\r\n</p>\r\n<p>\r\n	<br />\r\n</p>\r\n<p>\r\n	<b>捐赠票据开具</b>\r\n</p>\r\n<p>\r\n	对于捐赠金额累计超过100元的爱心网友可以开具捐赠发票，希望爱心网友按需申请。\r\n</p>',1,0,'photoview/5844d76a2625a.jpg','1480906602',0,0,0,0),(42,6,'辣眼睛：野史记录的女子怪癖性生活','<p>\r\n	由于中国古代女性封闭式的生活，女子大多只限于在女眷、婢女间活动，由此，女性同性恋的现象各代都有，有的是上流社会的以精神恋为主的同性恋，如小姐与婢女之间、女友之间等。\r\n</p>\r\n<p>\r\n	作家李渔的剧本《怜香伴》中，就描述了一则女子同性恋的故事。它说的是少女石云笺谒庙，遇见一个聪慧美丽的姑娘，名叫语花。她们彼此倾心相爱。石云笺向语花许诺，要想方设法让其丈夫纳她为妾，两人可以长期在一起，后来，果然如愿以偿。\r\n</p>\r\n<p>\r\n	古代许多小说和史书中，对女子同性恋存在容忍甚至赞赏的观念，人们认为女子同性恋是闺阁中必然存在的习俗，只要不触犯“男女之大防”，女子之间相恋无伤大雅。还有，在类似《红楼梦》这样的古典精华中，也记述了不少同性恋的事。\r\n</p>',1,0,'photoview/5844d7f25f5e1.jpg','1480906738',1,0,0,0),(43,6,'旧影专辑：二战中的苏联红军 彩色版','<p>\r\n	苏联红军（Red Army）全称苏联工农红军，是1917年至1945年间苏联陆基和航空武装力量的统称。\r\n</p>\r\n<p>\r\n	苏联海军当时称苏联红海军（Red Navy），1946年后与红海军合并统称苏维埃社会主义共和国联盟武装力量。\r\n</p>\r\n<p>\r\n	苏联红军是由列宁、斯大林、托洛茨基、伏龙芝等人一手缔造的。\r\n</p>\r\n<p>\r\n	1941年6月22日，法西斯德国撕毁《苏德互不侵犯条约》，向苏联发动突然袭击。由于战前苏联对战争危机估计不足，没有充分做好迎战准备，对双方力量对比估计失当，以及战略指导失误等原因，战争初期红军未能阻止德军的进攻。\r\n</p>',1,0,'photoview/5844d82f03d09.jpg','1480906799',0,1,1,0),(44,6,'探索26张老照片背后 不为人知的故事','<p>\r\n	70年代北爱尔兰共和军女成员对”可疑者“搜身。爱尔兰共和军成立于1919年，是专门反对英国政府的武装组织，长时间通过暴力活动。\r\n</p>\r\n<p>\r\n	1904朝鲜王朝身着民族传统服装的夫妻。朝鲜王朝（1392—1910年），又称李氏朝鲜。1896年，李熙称帝改国号为大韩帝国，1910年日本侵吞朝鲜半岛，朝鲜王朝灭亡。至此朝鲜半岛再也没有统一过。\r\n</p>\r\n<p>\r\n	1885年的巴勒贝克神庙。巴勒贝克神庙是黎巴嫩著名古迹，巴勒贝克意为太阳城。元前2000多年，腓尼基人在这里修建了一座祭祀太阳神的庙宇，此庙宇叫巴勒贝克。\r\n</p>',1,0,'photoview/5844d86cc65d4.jpg','1480906860',1,0,0,0),(45,6,'曹操为何不能荡平天下登基称帝','<span>据东汉末及三国史中记载，曹操是一位“非常之人，超世之杰”，他上马能领军，下马能治民。提笔能写诗，拔剑能杀人，是一个文武全才的人物。他虽然出身豪门，却有济世平天下的胸怀，他的很多诗句中都表达了他对群雄割据、诸侯混战造成的时局混乱、人民苦难表示感慨，并立志荡平天下，统一中国！<br />\r\n&nbsp;&nbsp;&nbsp;&nbsp;&nbsp;&nbsp;但是，\r\n这样一个胸有大志、叱咤风云的杰出人物，南征北战，历尽艰辛，最终却没能像汉高祖刘邦、光武帝刘秀那样，完成一统天下的大业，登基称帝。这个残酷的现实让天纵奇才的曹操心力交瘁，无法释怀。叹苍茫千古，布衣出身而取天下者能有几人？未能问鼎天下，是曹操的遗憾，也是中国历史的遗憾。<br />\r\n<br />\r\n&nbsp;&nbsp;&nbsp;&nbsp;&nbsp;&nbsp;到底是什么原因，导致曹操未能实现一统天下、登基称帝的夙愿呢？这是后人一直在思考的问题。答案有很多，北宋的苏东坡在《魏武帝论》中精辟指出：“魏武长于料事，而不长于料人。”苏轼认为，一个首领，做出的每一个决策不单是针对事，还要将人的因素充分考虑进去，在这个基础上，即便是冒着天大的风险，最终也会化险为夷、取得成功的。谓之“知天下利害得失之计，而权之以人。是故有所犯天下之至危，而足以成大功者。”也就是说，既能料事，又能料人。而曹操偏偏“长于料事，而不长于料人”，最终霸业无成，抱憾而终！<br />\r\n&nbsp;&nbsp;&nbsp;&nbsp;&nbsp;导致曹操未能一统天下、登基称帝的原因有很多，但主要原因是：“长于料事，而不长于料人”，战略才能不足。加上连续的胜利造成曹操的自大心理膨胀，他志得意满，视天下英雄如无物，妄自称相，横行朝野，失去人心。除了自负，曹操还是好色之徒，他妻妾成群，后院纷扰，因好色还导致部下反叛并丧子丢将。因好色，曹操与关羽争美女，导致关羽跟随刘备而树下心腹大患。同时，曹操的性格乖张残忍多猜忌，喜怒无常视人命如草芥，他经常根据自己的好恶行事，如梦中杀人，酒后杀人，随意杀自己的小妾，杀孔融，杀杨修，焚书坑儒，包括一怒屠城，杀害数十万无辜百姓，这都不是一个雄主应该做的，这一切都让他很难成为一个统一天下的雄主！<br />\r\n<br />\r\n&nbsp;&nbsp;&nbsp;&nbsp;&nbsp;&nbsp;归纳起来，曹操未能一统天下的最大原因有四：<br />\r\n&nbsp;&nbsp;&nbsp;&nbsp;&nbsp;&nbsp;一、战略眼光不足，胜多败亦多<br />\r\n&nbsp;&nbsp;&nbsp;&nbsp;&nbsp;&nbsp;曹操戎马一生，征战无数，但其胜率却不高，大胜之后往往容易大败。为此曹操经常搞得狼狈不堪，甚至好几次差点丢掉性命。应该说曹操的军事才能，更多地表现在战役指挥和战术上，战略方面则不是他的长处了。<br />\r\n&nbsp;&nbsp;&nbsp;&nbsp;&nbsp;兴平二年，曹操刚打败吕布，听说陶谦已死，便想趁机夺取徐州，然后再回师讨平吕布。谋士荀彧当即反对，他认为，汉高祖保关中，光武帝据河内，都是深根固本以制天下。现在应先平定吕布，建设一个稳定的后方。如果贸然攻打徐州，后方留守兵力过多，则前方兵力不足，留守兵力过少，则吕布会趁火打劫，这样兗州势必难保。万一前面攻不下徐州，后方城池沦陷，造成进退失据的局面就非常危险了。曹操采纳了荀彧的建议，专心攻打吕布，最终赶跑了吕布，稳定了后方。<br />\r\n　　建安三年，曹操准备再次攻讨张绣。军师荀攸向曹操建议：“张绣与刘表互相依靠，但张绣是外来的军队，全靠刘表供应粮草，刘表无力长期供给，两人势必会闹翻。不如暂缓出军，等待变化，如果进军紧逼，则他们必然互相救援。”曹操不从，刘表果然出兵相救，结果曹军不利。<br />\r\n　　这一年，曹操把吕布围困在下邳，胜利在望，但下邳城久攻不克，曹操想打退堂鼓。幸亏荀攸和郭嘉劝阻，最终用引水灌城的方法攻克下邳，生擒吕布，徐州得到完全平定。<br />\r\n　　建安十三年，曹操袭破荆州，欲顺江东下。贾诩谏曰：“明公昔破袁氏，今收汉南，威名远著，军势既大；若乘旧楚之饶，以飨吏士，抚安百姓，使安土乐业，则可不劳众而江东稽服矣。”曹操不从，遂有赤壁之败。<br />\r\n　　<br />\r\n&nbsp;&nbsp;&nbsp;&nbsp;&nbsp;二、残忍猜忌，对谋士任意刑罚或杀戮<br />\r\n&nbsp;&nbsp;&nbsp;&nbsp;&nbsp;&nbsp;曹操性格乖张残忍多猜忌，对于谋士的建议，曹操认为对自己有利的就采纳，不认可的就不听。于是，造成手下的谋士都不敢坚持自己的正确主张，众多天下英才都沦为曹氏的奴仆，他们所建言的军国大计，曹操爱听时才能说，不爱听时就不敢说。凡是坚持个人意志的就遭到刑罚或者杀戮，即使是他比较信任的谋士荀攸，曹操也并非言听计从。而像程昱这样德高望重的老臣，晚年也只能闭门谢客，日子过得战战兢兢。<br />\r\n　　三国时代最杰出的战略家荀彧，是曹操手下的第一谋士。曹操大军从无到有，从小到大发展的每一次重要关头，都离不开荀彧卓越的战略建议。然而，这样一位战略功臣和第一谋士，仅仅因为反对曹操称魏公就被曹操赐死。其他还有崔琰、毛玠等人，更是死得非常冤枉。<br />\r\n　　唯一能够让曹操言听计从的谋士只有郭嘉，但此人死得早，后来赤壁战败，曹操在后悔之余哀叹：“郭奉孝在，不使孤至此！”但已为时晚矣。<br />\r\n&nbsp;&nbsp;<br />\r\n&nbsp;&nbsp;&nbsp;&nbsp;&nbsp;&nbsp;三、轻视有胆略的对手，造势恐吓策略低劣<br />\r\n&nbsp;&nbsp;&nbsp;&nbsp;&nbsp;&nbsp;公元208年，曹操大军夺取荆州之后，浩浩荡荡南下，被胜利冲昏了头脑的曹操开始骄傲起来，渐渐听不进谋士的建议了，在战略上也不再“捡弱的打”了，而是选择当时割据势力中最强大的孙权作为开战对象。因为轻视有胆略的对手，曹操率领他的北方骑兵，一天一夜赶到江东，妄图以石击卵，一战平定长江以南，统一天下。谁料碰上孙权的水师，曹操的主力多是北方人，不习水战，荆州的俘虏又尚未消化，本身的竞争优势全被抛弃。舍长就短本身就是一个冒险的行动，而孙权、刘备则结成联盟，两股合为一股，而且他们的军队擅长水战，周瑜等又是当世名将，所以曹军在孙刘双方的夹击下溃不成军，一败涂地。当时正遇上疫病盛行，曹操急于求成，竟然幼稚到写信恐吓孙权，说什么“江河虽广，其长难卫也。”恐吓孙权别依仗长江天险就可以高枕无忧，说长江这么长，总有个薄弱环节，说不定哪天我就突破过来了。拿着长江去威胁孙权，就等于是拿着竞争对手的长处去威胁竞争对手，简直是个笑话。<br />\r\n&nbsp;&nbsp;&nbsp;&nbsp;&nbsp;&nbsp;曹操料错了孙权，还误判了老对手刘备，赤壁之战后，曹操想了又想，彷徨了又彷徨，长久不见行动，结果让刘备缓过气来，先图荆州，后并西蜀，三国并立之势形成，刘备的势力越发发展壮大，东吴也没有了惧怕之心。此时的曹操再也无力回天，很难一统天下了。<br />\r\n<br />\r\n&nbsp;&nbsp;&nbsp;&nbsp;&nbsp;四、妻妾成群精力不济，好色树敌令部下反叛<br />\r\n&nbsp;&nbsp;&nbsp;&nbsp;&nbsp;&nbsp;曹操可谓妻妾成群，他娶了多少美女难以统计，但史料记载有名有姓的妻妾就多达15人，而且这些妻妾的成份都非常复杂，有性格孤傲的丁夫人，还有出身娼妓的卞夫人，更多的是抢的别人的老婆，如此多且复杂的妻妾，对于要纵横天下的男人来说，要管理好后院令其不起纷争，那是要花费多少精力呀！<br />\r\n&nbsp;&nbsp;&nbsp;&nbsp;&nbsp;&nbsp;因为好色，曹操与关羽争美女，导致关羽跟随刘备而树敌。《蜀记》记载：“曹公与刘备围布于下邳。云长启公：布使秦宜禄行求救，乞娶其妻。公许之。临破，又屡启于公，公疑其有异色，先遣迎看，因自留之。云长心不自安。”其实，作为有雄才大略的曹操来说，美女到处都有，为何要与部下去争一个女人呢?何不成全其美，以笼络人心呢？更何况此人是关羽，是非寻常之人！曹操竟然在这个节骨眼上沉溺美色，将一员虎将逼出自己的阵营，死心塌地跟着刘备，后来，刘备成为三足鼎立之一，不知此时曹操是否会后悔与关羽争美女呢?<br />\r\n&nbsp;&nbsp;&nbsp;&nbsp;&nbsp;&nbsp;曹操的好色，还导致部下的反叛和丧子丢将，他自己也差点丢了性命。当年，曹操南征宛城，张济的侄子张绣本已投降曹操，而张绣是当时著名的军阀，势力很大，本来曹操已经获得了大量生力军，这在当时以武论天下的形势来说，是件大好事。然而，这个时候曹操居然看上了张绣的婶婶，张济的小老婆邹氏。张绣不能忍受曹操这般好色，故率兵反叛，连夜攻打曹操。这场战争，曹操的大儿子曹昂、侄子曹安民，著名将领典韦为了保护曹操而丢了性命，他自己也受了伤差点丢了性命！后来，张绣一直成了曹操的大敌。由于当时张绣的影响很大，也导致了曹操全面树敌。更何况打仗亲兄弟，上阵父子兵，曹操丢了儿子和侄子，还失去一员亲信大将，这对于要一统中国的曹操来说，损失有多惨重呀。<br />\r\n&nbsp;&nbsp;&nbsp;&nbsp;&nbsp;&nbsp;其实，曹操还是很爱才很惜才的，但太爱色让人不敢亲近，尤其不敢让他看到自己的老婆。这也是为什么初期跟随他的人很多，但后来跟随他的人却很少，甚至走向他的对立面的根本原因。<br />\r\n<br />\r\n<br />\r\n&nbsp;&nbsp;&nbsp;&nbsp;&nbsp;&nbsp;曹操虽然有平定天下的伟大抱负，而且骁勇善战，历尽艰辛，但因为他的战略眼光不足，性格乖张残忍多猜忌和太好色，导致他众叛亲离，丧子且临阵失主将，军心动摇而难稳大局。他一统北方称老大，但北方一直危机四伏，叛乱四起。他自己身经百战、出生入死，全身多处致命枪伤，身心疲惫，壮志未酬。六十六岁那年，因旧伤复发，曹操带着他的不甘和惆怅，抱憾驾鹤西去。本可以一举统一天下、登基称帝的曹操，最终还是失去了问鼎天下、名垂千古的机会，只能成为一代枭雄。<br />\r\n&nbsp;&nbsp;&nbsp;&nbsp;&nbsp;&nbsp;纵观曹操轰轰烈烈的一生，可圈可点处很多，其超绝群雄、君临天下的风范让人敬仰，但其奸诈阴险、奸雄并有的双重性格，令他最终都没能实现其平定天下的伟大抱负，让人为之握腕。</span>',1,0,'photoview/5844d89a39387.jpg','1480906906',0,1,0,0),(46,6,' 造成三国鼎立最关键的英雄是谁','<div class=\"BNE_title\">\r\n	<h1 class=\"h1_tit\" id=\"t_49b486130102xb27\">\r\n		造成三国鼎立最关键的英雄是谁\r\n	</h1>\r\n	<div class=\"info\">\r\n		<span class=\"oper_info\"> <a class=\"lk_a lka_last\">转载</a> </span> <span id=\"pub_time\" class=\"time SG_txtc\">2016-12-04 23:08:32</span> \r\n	</div>\r\n	<div class=\"tagbox\">\r\n		<span class=\"BNE_txtC tag_sp\">标签：</span><a href=\"http://search.sina.com.cn/?c=blog&amp;q=%C0%FA%CA%B7&amp;by=tag\" class=\"BNE_lkC lk_a\">历史</a><a href=\"http://search.sina.com.cn/?c=blog&amp;q=%C8%FD%B9%FA&amp;by=tag\" class=\"BNE_lkC lk_a\">三国</a><a href=\"http://search.sina.com.cn/?c=blog&amp;q=%B9%D8%BC%FC&amp;by=tag\" class=\"BNE_lkC lk_a\">关键</a><a href=\"http://search.sina.com.cn/?c=blog&amp;q=%CB%EF%B2%DF&amp;by=tag\" class=\"BNE_lkC lk_a\">孙策</a>\r\n	</div>\r\n</div>\r\n<div style=\"font-size:17px;\">\r\n	<div style=\"text-align:center;padding:0px 0px 34px;\">\r\n		<a href=\"http://photo.blog.sina.com.cn/showpic.html#blogid=&amp;url=http://album.sina.com.cn/pic/001lGvIfzy76VT5sXMf6b\" target=\"_blank\"><img src=\"http://s12.sinaimg.cn/mw690/001lGvIfzy76VT5sXMf6b\" alt=\"\" title=\"\" /></a><span style=\"color:#999999;font-size:14px;line-height:20px;font-style:italic;\">﻿造成三国鼎立的真正英雄应该是孙策</span>\r\n	</div>\r\n</div>\r\n<p>\r\n	<span>喜欢三国的都知道，三国鼎立形成的关键一战是赤壁之战，如果东吴孙权按照张昭的建议投降曹操，那天下统一就成为顺理成章之事，曹操征服天下就无人可以怀疑。可惜的是，孙权最终采纳了周瑜、鲁肃等人的意见，在曹操亲率几十万大军压境的前提下，竟然下定决心抵抗到底，最终在周瑜的雄才伟略之下，以<span>3</span>万人马之力，在赤壁之战中竟然打得曹操找不到南北，曹操几十万大军损失过半，曹操从此无力南下，三国鼎立就此形成。</span>\r\n</p>\r\n<p>\r\n	<span>那么，造成三国鼎立的最关键人物是不是就是周瑜或者是孙权呢？表面看来还似乎真是，毕竟，三国鼎立的形成在他们手中实现。但是，仔细阅读《三国志》，我们不难发现，孙权和周瑜虽然是三国鼎立的缔造者，但只是关键人物之一，真正造成三国鼎立最关键的应该另有其人，这个人就是孙策。</span>\r\n</p>\r\n<p>\r\n	<span>大家或许不相信这种说法，因为孙策早在赤壁之战前的<span>200</span>年就英年早逝了，他为何会成为三国鼎立最关键的人物呢？大家不要着急，且听丁丁一一分析。</span>\r\n</p>\r\n<p>\r\n	<span>东汉末年，群雄纷争，当时中国大地先后出现的几支大军阀如董卓、吕布、袁绍、袁术、张绣、曹操、刘备、马超、韩遂、张鲁、刘表、刘璋等，根本就没有孙策，即使他的父亲孙坚，虽然也是十八路反董卓英雄中的一支，但孙权不过是袁术的部下，虽然令董卓所忌惮，也是第一个获得玉玺的英雄，但他拥有的人马少，必须在袁术的支持之下才能有所作为，而且于公元<span>191</span>年就被刘表手下江夏太守黄祖所杀，这个时候，董卓已死，天下已逐渐分明，曹操已初成气候，而且当时几支大的军阀已基本定位，袁绍、曹操、袁术等是未来称霸天下的有力争夺者，而孙策在这个时候不过是一个<span>16</span>岁的娃娃，而且在父亲死后，既无职位也无兵，根本没有人想到孙策会有什么作为。</span>\r\n</p>\r\n<p>\r\n	<span>然而，当北方各路军阀争霸正酣之际，南方的孙策已经悄然兴趣，公元<span>194</span>年，<span>19</span>岁的孙策在向袁术要回父亲旧部一千多人马，并且率领几百门生，南下江东，竟然只用短短的六年时间，就荡平整个江东，建立东吴，东吴成为当时中国最主要的政权之一，成为中国大地上崛起的又一重要力量，给天下各路军阀带来了空前威胁。而到公元<span>200</span>年，曹操已先后剿灭了吕布，招降了张绣，大败了袁绍，初步统一北方，这个时候，曹操才知道南方出现了孙策。</span>\r\n</p>\r\n<p>\r\n	<span>而孙策并不满足于只拥有江东，而是志在天下，而且这个时候的孙策，已经拥有一只强大的力量，拥有一大批雄才伟略并且名震天下的谋臣武将，如丹阳太守吴景、吴郡太守朱治、江夏太守兼任中护军周瑜、桂阳太守吕范、零陵太守程普、豫章太守孙贲、庐陵太守孙辅、自己兼任稽太守，而且拥有以张昭、张纮、秦松、陈端为主的一大批谋士，另外拥有一大批武将如太史慈、孙河、徐琨、徐逸、黄盖、韩当、宋谦、贺齐、董袭、周泰、凌操、蒋钦、陈武、全柔、邓当、吕蒙等人，这些人在后来都是东吴的中坚力量，成为东吴不可或缺的人才，尤其是周瑜、吕蒙更是未来东吴的大都督，成为三国时期震惊天下的统帅，未来东吴的十二虎臣也基本到位。</span>\r\n</p>\r\n<p>\r\n	<span>可惜的是，<span>25</span>岁的孙策，正当他踌躇满志之际，准备挥兵北上袭取许都之前，竟然阴沟里翻船，于公元<span>200</span>年<span>4</span>月，被刺客所害，英年早逝，孙策壮志未酬身先死。否则，孙策不死，未来拥有天下者必然在曹操和孙策之间产生。尽管如此，正是因为孙策创下的伟业，在孙策死了之后，东吴虽然没有北上逐鹿中原，但在继任者孙权的领导之下，东吴依然成为当时天下最重要的霸主之一，特别是孙策手下那一大批雄才伟略之英雄忠于东吴，成为支撑东吴最核心的力量。</span>\r\n</p>',1,0,'photoview/5844dc6b39387.jpg','1480907883',1,0,0,0),(47,6,'孙悟空升级太乙金仙鲜为人知的关键密码','<div>\r\n	<span>对于孙悟空从太乙散仙升级成太乙金仙，据笔者了解，很多人多都在重复一个观点：都是因孙悟空吃了五庄观里的人参果。但笔者据原著梳理，事情不是这样的，而是另有蹊跷。</span>\r\n</div>\r\n<div>\r\n	<span><br />\r\n</span>\r\n</div>\r\n<div>\r\n	<span>成为太乙散仙的过程</span>\r\n</div>\r\n<div>\r\n	<span><br />\r\n</span>\r\n</div>\r\n<div>\r\n	<span>孙悟空是天生石猴（第一回《灵根育孕源流出　心性修持大道生》），在拜菩提祖师学艺后，便开始脱胎换骨，身体轻健（第二回《悟彻菩提真妙理　断魔归本合元神》），只不过因为没得天宫官方承认，此时初步还仅是个无名义却有实质的太乙散仙。</span>\r\n</div>\r\n<div>\r\n	<span><br />\r\n</span>\r\n</div>\r\n<div>\r\n	<span>所以，也就可以理解去找龙王索要兵器时，龙王为何只称他为“上仙”。（第三回《四海千山皆拱伏　九幽十类尽除名》）在孙悟空得金箍棒后，自龙王起，以玉帝为代表的天宫开始称他为妖仙。（同上）后来，太白金星第一次请孙悟空上天时，也便称他为妖仙。（第四回《官封弼马心何足　名注齐天意未宁》）</span>\r\n</div>\r\n<div>\r\n	<span><br />\r\n</span>\r\n</div>\r\n<div>\r\n	<span>孙悟空成为太乙散仙，除了上面拜菩提祖师，自己还做出了系列努力，即勾消生死薄（第三回《四海千山皆拱伏　九幽十类尽除名》）、偷吃蟠桃仙丹（第五回《乱蟠桃大圣偷丹　反天宫诸神捉怪》）。</span>\r\n</div>\r\n<div>\r\n	<span><br />\r\n</span>\r\n</div>\r\n<div>\r\n	<span>经过以上系列，才最终确定孙悟空是太乙散仙。</span>\r\n</div>\r\n<div>\r\n	<span><br />\r\n</span>\r\n</div>\r\n<div>\r\n	<span>是太乙散仙的明确出处</span>\r\n</div>\r\n<div>\r\n	<span><br />\r\n</span>\r\n</div>\r\n<div>\r\n	<span>据笔者梳理，在原著中，明确说明孙悟空是太乙散仙的，应有三处。</span>\r\n</div>\r\n<div>\r\n	<span><br />\r\n</span>\r\n</div>\r\n<div>\r\n	<span>第一处。大闹天宫时，孙悟空与木叉（即惠岸）打斗时，被点出过是太乙散仙（原文，一个是太乙散仙呼大圣，一个是观音徒弟正元龙）。（第六回《观音赴会问原因　小圣施威降大圣》）</span>\r\n</div>\r\n<div>\r\n	<span><br />\r\n</span>\r\n</div>\r\n<div>\r\n	<span>第二处。面对自己的两个童子——清风、明月言被孙悟空欺负了，从天上归来的镇元大仙明确说孙悟空是太乙散仙，神通广大（原文，你不知那姓孙的，也是个太乙散仙，也曾大闹天宫，神通广大）。（第二十五回《镇元仙赶捉取经僧　孙行者大闹五庄观》）</span>\r\n</div>\r\n<div>\r\n	<span><br />\r\n</span>\r\n</div>\r\n<div>\r\n	<span>至于第三处，较特别，先留个悬念，在下面会说到。</span>\r\n</div>\r\n<div>\r\n	<span><br />\r\n</span>\r\n</div>\r\n<div>\r\n	<span>成金仙鲜为人知的密码</span>\r\n</div>\r\n<div>\r\n	<span><br />\r\n</span>\r\n</div>\r\n<div>\r\n	<span>镇元大仙的地位。</span>\r\n</div>',1,0,'','1480907909',0,0,0,0),(48,6,'汉武帝刘彻：是雄才大略？还是好大喜功？','<span>“惜秦皇汉武，略输文采；唐宗宋祖，稍逊风骚。”这是毛家大爹最有名的词《沁园春.雪》中的一句，可见大爹对秦始皇、汉武帝是极其推崇的。其实，历朝历代的文人墨客对汉武帝的评价基本分为两种：一种是“雄才大略，拓土开疆或曰击溃匈奴”；一种则是“好大喜功，穷奢极欲或曰穷兵黩武”。这两种截然不同评价的来源，可以追溯到司马光著述的《资治通鉴》。《资治通鉴.汉纪十四》是这样记载的：“班固赞曰：汉承百王之弊，高祖拨乱反正，文、景务在养民，至于稽古礼文之事，犹多阙焉。孝武（即汉武帝）初立，卓然罢黜百家，表章《六经》，遂略咨海内，举其茂俊，与之立功。……如武帝之雄材大略，不改文、景之恭俭以济斯民，虽《诗》、《书》所称何有加焉！&nbsp;臣光曰：孝武穷奢极欲，繁刑重敛，内侈宫室，外事四夷，信惑神怪。巡游无度，使百姓疲敝，起为盗贼，其所以无异于秦始皇几矣。然秦以之亡，汉以之兴者，孝武能尊先王之道，知所统守，受忠直之言，恶人欺蔽，好贤不倦，诛赏严明，晚而改过，顾托得人，此其所以有亡秦之失，而免亡秦之祸乎！”在这段文字中，班固称赞了汉武帝的雄才大略，而司马光却是这样评论汉武帝的：孝武穷奢极欲，繁刑重敛等，与秦始皇几乎相同，而秦亡，汉却兴，是因为孝武能尊崇先王之道，知道应该遵守什么。尤其是晚年能改过，所托的顾命大臣霍光等得力，才避免了亡秦之祸。</span> \r\n<div>\r\n	<span>&nbsp;&nbsp;&nbsp;窃以为，司马光之言之所以准确，从司马迁的《史记.平准书》中也可以看出来。《史记.平准书》是一篇“食货志”，内容关系百姓吃穿、国家用度、土地、徭役、赋税、经济、政策等等。从“食货志”中最容易看到政府对人民实行的是仁政还是暴政。国与民，好比是天平的两端，两端保持平衡了，便基本上实行的是仁政。如果老百姓这一端失衡了，便是暴政。从《史记.平准书》里看，汉武帝行使的不是仁政。因为他穷兵黩武，好大喜功，耗尽民脂，又变本加利搜刮民财，横征暴敛过犹不及，使国家成了一架敛财的机器，而百姓的血汗却被这架机器榨干了。</span>\r\n</div>\r\n<div>\r\n	<span>&nbsp;&nbsp;&nbsp;《史记.平准书》中记载：汉初，国家实行黄老“无为而治”的养民政策。到文、景之时，国家安定，百姓富足；京城积聚的钱币巨万，以致库府中穿钱的绳子都朽烂了；天下粮食到处都堆得满满的；太仓中的粮食，大囤小囤如兵阵相连，有的露积在外，都腐烂不能食用了。街坊百姓都有马，阡陌之间更是骡马成群；居住里巷的普通人也能吃上膏粱肥肉，做吏胥的老死也不愿改任，做官的以官职为姓氏名号……真可谓“文景之治”，太平盛世。</span>\r\n</div>\r\n<div>\r\n	<span>&nbsp;&nbsp;&nbsp;但到了刘彻当皇帝，财政状况急转直下。先是对南越和闽南用兵，江淮一带骤然动荡不安，耗费巨大。接着开拓西南夷，凿山通道千余里，致使巴蜀一带百姓疲惫。向东开凿通往沧海郡的道路，人工费用与开拓西南夷相等。在北边与匈奴的战事逐渐扩大，军需大增。又调发十多万人修筑并守卫新拓展的朔方郡，因水陆运输的路程极辽远，自崤山以东的百姓都要承受这个负担，耗费数十万至百亿，国库都空虚了。由是，便开始卖官鬻爵。捐献财物的就可以补充官额，能出钱的就可以免刑，交纳羊群的可以做郎官。</span>\r\n</div>\r\n<div>\r\n	<span>&nbsp;&nbsp;&nbsp;连年对匈奴作战，先是派大将军卫青以十余万兵力出击匈奴右贤王，获敌首级及俘虏一万五千人；二次再派卫青出击匈奴，获敌首级及俘虏一万九千人。汉武帝出手大方，立功者赏赐黄金共达二十多万金。投降的数万匈奴也得到了厚赏，吃喝拉撒全由大汉政府统管。由于战事耗费巨大，倾尽库藏钱币和赋税收入，仍不足以供应战争的消耗，于是再行卖官鬻爵。武功爵每级价十七万，共值三十多万金。武功爵最高可至乐卿，更大者甚至可封侯或封卿大夫。</span>\r\n</div>\r\n<div>\r\n	<span>&nbsp;&nbsp;&nbsp;有了钱粮，又派骠骑将军霍去病再次出击匈奴，获敌四万首级。匈奴浑邪王率众数万人投降，大汉朝廷调拨两万辆车迎接，到了都城长安，连同有功将士一并赏赐。这一年的开支高达一百多亿。</span>\r\n</div>\r\n<div>\r\n	<span>&nbsp;&nbsp;&nbsp;从前的水利工程白耗钱财不说，政府又要修通汾水与黄河的渠道，征数万人上工；因渭水船运水渠曲折绕远，便要从长安到华阴开凿一条直渠，又征数万人上工；朔方也要开凿水渠，再征数万人上工；各条渠道修了两三年还未完工，耗费却在数十亿。为了征讨匈奴，必须大量养马，带到长安来喂养的马就多达数万匹，关中养马的士卒不足，就从附近诸郡征调。投降的胡人都靠政府供给衣食，政府财力不足，汉武帝亲自节约，降低膳食标准，解下乘舆上的马匹，拿出皇宫的储蓄，去供养他们。</span>\r\n</div>\r\n<div>\r\n	<span>&nbsp;&nbsp;&nbsp;偏又遇上灾年，崤山以东的七十多万灾民要迁徙到函谷关以西或朔方以南的地区去，耗资以亿计。国库告罄。再加上修昆明池；做柏梁台、广苑囿；访仙求道，泰山封禅，其花费不可胜计……</span>\r\n</div>\r\n<div>\r\n	<span>&nbsp;&nbsp;&nbsp;如此折腾，国库枯竭，于是就在钱币上做文章。用白鹿皮一尺见方，饰以绣文，制成“皮币”；把银与锡合在一起冶炼成“白金”。皮币实则是一种脱离价值规则的空头支。这两种货币都不能凑效，又全面禁止郡国铸钱，只有上林苑所属的三官才能铸钱。从前郡国所铸的铜钱全部作废销毁，铜则上缴国家。由是，老百姓手里的铜钱，一夜之间全部变成了废铜。</span>\r\n</div>\r\n<div>\r\n	<span>&nbsp;&nbsp;&nbsp;汉武帝的好大喜功，不仅使人民处于水深火热之中，而且对国家经济造成了严重的破坏，完全断送了由他爷爷和他爸爸创建的“文景之治”的大好局面。国家垄断经营，加重赋税，让大批商人破产，简直到了杀鸡取卵、竭泽而渔的地步，几使大汉王朝趋于亡秦之势。</span>\r\n</div>\r\n<div>\r\n	<span>&nbsp;&nbsp;&nbsp;综上所述，足以证明，司马光对汉武帝的评价是准确的。</span>\r\n</div>',1,0,'photoview/5844dca87a120.jpg','1480907944',0,0,1,0),(49,6,'《馆长晒图说史》,讲述老照片背后的故事','<span><span>参加过南昌起义的部分同志在皖南新四军军部合影。前排左起：周子昆、袁国平、叶挺、陈毅、粟裕；后排左三为李一氓，左四为黄序周。</span></span> \r\n<p>\r\n	&nbsp;&nbsp;&nbsp;&nbsp;&nbsp;他们是“八一”南昌起义的组织者、领导者和参与者。抗战爆发后，他们又成了新四军的重要将领。&nbsp;其中北伐名将叶挺，参与指挥南昌起义并出任前敌总指挥，成为中国人民解放军创始人及新四军首任军长。陈毅，南昌起义部队任第十一军二十五师七十三团政治指导员。皖南事变后，陈毅成为新四军代军长、军长。新四军组建后，袁国平任政治部主任，周子昆任副参谋长，李一氓任新四军秘书长，粟裕任新四军第二支队副司令员。\r\n</p>\r\n<p>\r\n	<span>&nbsp;&nbsp;&nbsp;</span>“八一”南昌起义，是中国共产党独立建设武装力量的开始，也是中国共产党开始以武装斗争的形式反对国民政府的标志。8月1日成为中国工农红军和中国人民解放军的建军纪念日。\r\n</p>\r\n<p>\r\n	&nbsp;&nbsp;&nbsp;&nbsp;&nbsp;&nbsp;&nbsp;“八一”作为工农红军成立纪念日，由后来在抗战中成为新四军主要领导人项英，1933年6月30日，签署发布了中共中央军事委员会《关于决定“八一”为中国工农红军成立纪念日》的命令：“1927年8月1日，发生了无产阶级政党——共产党领导的南昌暴动。这一暴动，是反帝的土地革命的开始，是英勇的工农红军的来源。中国工农红军在历年的艰苦战争中，打败了帝国主义、国民党的历次进攻，根本动摇了帝国主义、国民党在中国的统治，已成了革命高涨的基本杠杆之一，成了中国劳苦群众革命斗争的组织者。本委会为纪念南昌暴动与红军成立，特决定自1933年起，每年8月1日为中国工农红军成立纪念日。代主席：项英一九三三年六月三十日”（此命令刊登在一九三三年七月十一日《红色中华》报第九十三期第二版上）7月11日，中华苏维埃临时中央政府批准了这项决定。<br />\r\n&nbsp;&nbsp;&nbsp;&nbsp;&nbsp;&nbsp;一九三一年一月十五日，当时中共苏区中央局在宁都县成立，中央局委员有项英、毛泽东、朱德、王稼祥、邓发、任弼时、顾作霖等，书记周恩来由于不能到职，由项英代理，一九三三年前后，为了粉碎敌人的围剿，毛泽东和朱德大部分时间去了前方，项英留在后方作为政府代理主席以及中央革命军事委员会代理主席（此时主席是朱德担任）主持全面工作，并以代主席名义颁布了“八一”红军建军纪念日的决议和命令。从此一直沿袭下来&nbsp;，“八一”成为以后的八路军、新四军和中国人民解放军的伟大建军节日。\r\n</p>',1,0,'photoview/5844dcc694c5f.jpg','1480907974',0,1,0,0),(50,3,'女大学生接航班取消短信 6100元学费被转走','昨天，上海华东师范大学大二学生小文（化名）订机票后收到诈骗短信，对方自称航空公司客服，以小文的航班被取消，在ATM机上办改签可获得补偿为由，诱导小文按照提示操作。结果，小文全年学杂费6100元被转走。目前，警方已立案调查。\r\n<p>\r\n	　　<strong>事件</strong>\r\n</p>\r\n<p>\r\n	　　<strong>诈骗短信称ATM可改签</strong>\r\n</p>\r\n<p>\r\n	　　昨天，重庆女孩小文告诉记者，她在上海华东师范大学读大二。7月份，她花800元通过第三方平台购买了8月24日上午11点半自重庆万州飞往上海浦东的FM9462航班。昨天早上6点左右，她收到一个来自“+85266753430”的短信，内容为她预订的航班因机械故障已取消，要求她拨打航班改签退票专线联系。\r\n</p>\r\n<p>\r\n	　　“短信里有我的名字和具体的航班号，信息很准确，再加上时间紧迫，我也没有多想。”小文随后和短信中的电话010-53815317取得联系。对方称自己是上海航空公司客服，并有转接等语音提示，“人工客服报了工号后和我确认了姓名、电话、身份证和航班号，问我要退票还是改签。”小文选择了改签。对方告诉她，可以改签至当日中午12点，并提示她仅有2张剩票，请她迅速到ATM机办理。在得知小文所持银行卡为工商银行卡后，该客服又称工行和上航是合作网点，在ATM机操作页面可以看到航空公司的界面，“客服说可以从ATM机上打印改签需要的付款凭条，要把凭条拿到机场柜台才能办理改签。让我到了银行以后再和她联系。”\r\n</p>\r\n<p>\r\n	　　小文随后赶到银行，在插入银行卡后并未看到所谓的航空公司界面。她拨打前述电话，对方解释，因为该功能刚刚推出，只有英文界面下才能显示，要求她选择英文模式，“我按照客服提示进行了操作，几次输入后，客服让我输改签飞机票的票号。”小文说，她注意到键入位置实际为转账账户，但在对方反复催促下，她虽然心有疑虑，但还是按了确认健。交易结束后，她卡内的6100元均被转走。此时，客服让她插入另一张卡，并声称退款及200元赔偿金将退入该卡，“客服让我做的操作还和之前一样，我觉得不对劲就终止了操作。”\r\n</p>\r\n<p>\r\n	　　小文称，她赶到机场后发现，原本计划乘坐的FM9462航班并未取消，她意识到自己被骗了，“被转走的6100元是我一年的学杂费。”昨天，小文向重庆市巫溪县城厢镇第三派出所报警。记者从当地警方获悉，该案正在进一步审理调查中。\r\n</p>',1,0,'photoview/5844dd9ae1113.jpg','1480908186',0,1,0,0),(51,3,'女孩花7000元定制“挽回前男友” 对方却闪婚','姗姗是地道的成都妹子，1米68的高挑身材，面容姣好，有着成都妹儿的开朗、大方。\r\n<p>\r\n	　　在机关单位上班，是家中的独生女，按她的条件，谈恋爱结婚很容易。可谈了好几个男友，都觉得不合适。\r\n</p>\r\n<p>\r\n	　　今年年初，姗姗又和男友分了手，但她心有不甘，于4月找到一家婚恋公司，花7000元定制了一款“挽回前男友”服务，想让恋爱专家帮忙挽回恋情。不料，签完合同不到一个月，前男友就闪婚了，“挽回男友”服务失败……\r\n</p>\r\n<p>\r\n	　　姗姗要求婚恋公司退还部分款项，但婚恋公司回应称，公司已经做了大量工作，失败不是公司的责任，没法退款。\r\n</p>\r\n<p>\r\n	　<strong>　和男友分了手</strong>\r\n</p>\r\n<p>\r\n	<strong>　　她定制“挽回前男友”</strong>\r\n</p>\r\n<p>\r\n	　　和姗姗见面，给人的第一印象，应该是很受欢迎——身高1米68，面容姣好，家庭条件也不错。\r\n</p>\r\n<p>\r\n	　　姗姗为人大方、开朗，聊起天来滔滔不绝，很有异性缘。可是，虽然谈了几个男友，她至今没能结成婚，之前有过谈婚论嫁的男友，都因为各种原因，没能终成眷属。拖啊拖，年龄大了，她也有点着急了。\r\n</p>\r\n<p>\r\n	　　2014 年，姗姗认识了一个男友，仅仅三个月就分手了。一年后，她对前男友念念不忘，主动去找前男友复合。\r\n</p>\r\n<p>\r\n	　　“他是做生意的，属于沉稳大叔型，他认为我的心态还像小孩子一样，说我们不合适。”姗姗说，两人再次接触了很短一段时间后，今年年初分了手。\r\n</p>\r\n<p>\r\n	　　分手之后，姗姗仍念念不忘，那段时间胡思乱想，在上网时无意发现，居然还有“挽回前男友”的公司……\r\n</p>\r\n<p>\r\n	　　今年4月2日，她选定了成都幸福家婚姻服务有限公司，花7000元定制了“挽回前男友”服务，双方签了合同。幸福家公司承诺向她提供三个月的指导服务，帮她挽回前男友。\r\n</p>',1,0,'photoview/5844ddbcca2dd.jpg','1480908220',0,1,0,0),(52,3,'餐厅老板庆祝离婚全场打折 促销广告上印离婚证','12月1日晚，一家餐馆的促销照片在四川南充市民微信朋友圈传开，图中的餐馆打出“因本店老板今日成功离婚，心情愉快！啤酒免费畅饮！”的广告。\r\n<p>\r\n	　　消息传开之后，很多市民对该广告的真实性表示怀疑，不知餐馆老板是真离婚还是炒作促销。\r\n</p>\r\n<p>\r\n	　　2日中午，记者找到了位于嘉陵区的这家餐馆，远远地就能看见餐馆外的横幅广告，除此之外，广告上还印有离婚者本人的《离婚证》照片。\r\n</p>\r\n<div id=\"ad_42120\" class=\"otherContent_01\" style=\"margin:10px 20px 10px 0px;padding:4px;\">\r\n</div>\r\n<p>\r\n	　　“这样扯人眼球的促销手段，我还是第一次见。”住在附近的陈先生当天中午和几个朋友路过附近时看到了这个广告，当时觉得好奇，也怀疑它的真实性，为了搞清楚，就干脆在这里吃饭了。“确实打折了，我还特意向老板核实，才知道老板是真的离婚了。”陈先生说。\r\n</p>\r\n<p>\r\n	　　为了了解事情真相，记者走进该餐馆进行询问，此时已接近下午2点，店里的顾客较少，一位店员告诉记者：“店里其中一位老板确实刚刚离婚。”\r\n</p>\r\n<p>\r\n	　　此时，老板曹先生正好也在店里，记者询问得知，广告中所说的离婚者正是曹先生本人，“我确实刚刚离婚，因为拖的时间较长，才办完了手续，感觉轻松了很多，就想到通过这个活动，算是庆贺一下吧。”曹先生告诉记者，虽然餐馆开业不久，但餐馆打出这样的广告并不是为了给店里招揽生意，而是真的感觉自己解脱了，想与朋友们分享一下心情。\r\n</p>\r\n<p>\r\n	　　随后，记者就此事采访了嘉陵区工商局。该局相关工作人员告诉记者，商家的促销手段只要不存在欺骗，不违规但不提倡。\r\n</p>',1,0,'photoview/5844ddd6cdfe6.jpg','1480908246',0,0,1,0),(53,3,'数十名大学生因买饭插队街头混战 有人头破血流','<p>\r\n	　前天（12月2号）中午11点左右，在河源大学城商业街附近，几十名大学生在街头打架斗殴，由于参与打架人数众多，整个场面一片混乱，现场也有不少人在围观。\r\n</p>\r\n<p>\r\n	从围观者拍摄的视频可以见到，几十名大学生一哄而上，有人持铁管，有人从地上捡起石块相继加入，双方互相推搡，进而演变成一场街头混战，有学生被打趴在地，有学生头被打破，当场流血。\r\n	<p>\r\n		　　有学生说，双方打斗的原因仅仅是有学生在买饭时被人插队引发口角。由于在斗殴过程中，有人使用了伸缩铁棍，有街坊就怀疑，参与打架的一方可能是有备而来。而针对此事，河源警方也进行了通报：\r\n	</p>\r\n	<p>\r\n		　　<strong>警情通报</strong>\r\n	</p>\r\n	<p>\r\n		　　12月2日11时许，（河源）市区大学城商业街附近发生一起学生打架案件，我局接报后迅速组织警力前往处置。\r\n	</p>\r\n	<p>\r\n		　　经查，学生张某、李某等人在饭堂吃饭时因排队问题引发纠纷，在一公共汽车站相遇时发生争吵继而引起打架，打斗中，造成四名学生头皮挫裂伤。目前，涉事的学生已由学校带回处理。案件在进一步侦中。\r\n	</p>\r\n</p>',1,0,'photoview/5844de0557bcf.gif','1480908293',0,1,0,0),(54,4,'《你的名字。》创2D动画电影票房新纪录','<p>\r\n	《你的名字。》内地一经上映，便开启破纪录之旅：上映第二日零点破亿，成为最快破亿的2D动画电影。\r\n</p>\r\n<p>\r\n	新浪娱乐讯　本周最热门的影片当属新海诚最新动画长片<a href=\"http://ku.ent.sina.com.cn/movie/25771\" target=\"_blank\" class=\"\">《你的名字。》</a>，已于12月2日全国上映，首周票房达2.98亿，创2D动画电影最高首周票房纪录。截止12月5日，《你的名字。》在日本的票房已经超199.5亿日元（人民币13.3亿元），位列日本影史第四。\r\n	<p>\r\n		　　<strong>上映四天连续破纪录 票房口碑双线飘红</strong>\r\n	</p>\r\n	<p>\r\n		　　《你的名字。》内地一经上映，便开启破纪录之旅：上映当晚，连破2D电影零点场和预售纪录，并于上映第二日零点破亿，成为最快破亿的2D动画电影，紧接着第三日凌晨成功破两亿，成为首部单日破亿的2D动画电影，首周末票房达2.89亿，创2D动画电影最高首周票房纪录。与此同时，院线排片也根据市场不俗反馈逐渐增加，占比从首日的29.8%上涨至35.9%，票房占比超过40%。即便如此，许多院线大部分场次仍出现爆满状态，不少观众直呼“一票难求”。\r\n	</p>\r\n	<p>\r\n		　　影片火爆的同时，引发网友二次创作的热潮：根据“你的名字”进行一系列恶搞海报：“你的名字方言版”、“杀马特殇痛版”、“你的快递”、“你的考试”等等，不少广告商迅速贴合影片热点做营销，影片同人壁纸和live动态壁纸也刷爆了社交媒体，导演新海诚也走出二次元圈子，成为大众熟知的动画导演。除此之外，大量优质的微信公号对影片进行深入解读，不少媒体对影片的“爆发”做出分析。\r\n	</p>\r\n	<p>\r\n		　　热度的持续少不了口碑加持，目前国内各大网站评分不俗：猫眼电影9.4分，好于99%的电影，86.3%的网友给出9—10分（满分10分）的评价；豆瓣电影8.8分，53.4%的网友给出满分五星评价。IMDb（全球最大的电影资料库）评分高达8.9；烂番茄（著名影评网站）新鲜度达97%，评分8.3。口碑、热度、票房三丰收的《你的名字。》在内地的观影热潮将会持续多久，我们拭目以待。\r\n	</p>\r\n</p>',1,0,'photoview/5844de81a7d8c.jpg','1480908417',1,0,0,0),(55,4,'脑洞大开！怪诞有趣的鬼才导演回来了','<p>\r\n	蒂姆波顿（Tim Burton）应该是很多暗黑童话风电影爱好者的大爱，他的电影总是充满着各种诡异、怪诞的元素，却看来又总是温柔、童真，比如《剪刀手爱德华》中的爱德华，他脸色苍白，双手为利刃，易被人视为变态的怪物，可看完你会发现原来他才是那个用情最真的人。\r\n</p>\r\n<p>\r\n	在蒂姆波顿的电影世界里，怪人总是比正常人要美好，小孩总比大人要聪明，而阴间总比人间有温度，就如《僵尸新娘》所展示的世界，僵尸总是和善可爱的，而人却是狰狞丑陋的。\r\n</p>\r\n<p>\r\n	蒂姆波顿诡诞怪异的电影风格和他孤独的童年有很大的联系。因为从小波顿就与父母关系不好，又不怎么交朋友，唯一发泄情绪的方式就是关在自己的房间里看恐怖电影和画画，所以他的画作风格是这样的↓<strong></strong>\r\n</p>',1,0,'photoview/5844deb3f0537.jpg','1480908467',1,0,0,0),(56,4,'刘嘉玲关之琳闹不和 梁朝伟:没听她说过 ','新浪娱乐讯 北京时间12月5日消息，据香港媒体报导，梁朝伟<a target=\"_blank\" href=\"http://weibo.com/1747506517?zw=ent\" class=\"wt_article_link\">[微博]</a>、陈奕迅<a target=\"_blank\" href=\"http://weibo.com/2247657845?zw=ent\" class=\"wt_article_link\">[微博]</a>（Eason）与张榕容为主演的圣诞档电影《摆渡人》造势，昨天（12月4日）登上游船出现于红磡码头，主持“摆渡人号”揭幕仪式，其后再在船上玩调酒游戏。梁朝伟表示戏中扮演酒吧老板，当客人消费到某限额，会获得他额外附送的摆渡人服务，解决难题。问到拍摄的趣事？他笑着说：“我忘记了。”陈奕迅指戏中的笑点落在梁朝伟及金城武上，自己演失意歌手，跟梁朝伟的对手戏不多。\r\n<p>\r\n	　　<strong>老婆生日 没时间送惊喜</strong>\r\n</p>\r\n<p>\r\n	　　刚从上海拍完《欧洲攻略》回港的梁朝伟忙完宣传工作，明天会转飞北京开拍《捉妖记2》，好友张学友开红馆个唱也无暇捧场。他说：“开工前有很多事要准备，我之前在北京已看了他的演出。”梁朝伟预计在工作中度圣诞，因此与老婆刘嘉玲<a target=\"_blank\" href=\"http://weibo.com/1747514562?zw=ent\" class=\"wt_article_link\">[微博]</a>改约农历新年才结伴旅行滑雪。刘嘉玲周四（8日）生日，会不会预祝或送惊喜？梁朝伟说：“没时间，后补啦，无所谓。”对于刘嘉玲与关之琳<a target=\"_blank\" href=\"http://weibo.com/3173600751?zw=ent\" class=\"wt_article_link\">[微博]</a>好姐妹决裂，梁朝伟表示没留意：“我也是看新闻才知道。”有没有被新闻吓倒？他淡言：“现在没什么吓倒我！（有没有安慰刘嘉玲？）不用，我真的不知道发生什么事，没听她说过。”他最近拍电影及手机广告，还传接真人秀，他说：“因《摆渡人》拍迟了几个月，令之后的工作都延后，变得好像很忙，接什么工作就等公司安排。”\r\n</p>',1,0,'photoview/5844ded8d59f8.jpg','1480908504',0,1,0,0),(57,4,'奥斯卡视效奖初选名单 好莱坞视觉同质化','新一届奥斯卡最佳视觉效果奖20部初选影片名单出炉，猛地一看，简直是好莱坞中国进口片单，除了极尽癫狂的《死待》和《自杀小队》，其它均为引进或即将引进的影片。洋洋二十片中，不乏无甚特效的《萨利机长》混迹其间。\r\n<p>\r\n	　　同质化是本年度美国电影学院奖要面对的最大尴尬。长名单中，共计有《蝙蝠侠大战超人：正义黎明》《美国队长3》《X战警：天启》《死待》《奇异博士》《自杀小队》六部超级英雄片盘踞高位，且不是出自漫威就是DC，基因的相似性，直接导致视觉趋同化。超级英雄们组成了地球最强拆迁队，《蝙蝠侠大战超人》拆完《美队3》拆，《美队3》拆完《X战警：天启》拆，无非是拆的地标多与少的差别。超级英雄片虽说是视觉动物的主菜，但并非奥斯卡殿堂必需品，《美队》系列仅《美队2》入围过最佳视觉提名，《X战警》系列也仅《逆转未来》提名到最后。DC旗下的“蝙蝠侠”曾拿过奥斯卡多项大奖，但这次和“超人”搞在一起，与“美队”和“钢铁侠”的窝里斗并没拉开视觉分水岭。还好这批影片的主战场还在“土星奖”和“青少年选择奖”之间，注定是奥斯卡的陪跑运动员。\r\n</p>\r\n<p>\r\n	　　相比超级英雄片，科幻片似乎才是奥斯卡舞台上的亲生儿，去年的《机器姬》，前年的《星际穿越》，大前年的《地心引力》，牢牢地把最佳视觉奖留在科幻殿堂。今年共有《独立日2》《太空旅客》《星球大战外传：侠盗一号》《星际迷航3：超越星辰》和《降临》五部影片上了大名单，其中还未上映的《星球大战外传：侠盗一号》和《太空旅客》提前被纳入考量。上一部《星球大战7》拍得老气横秋，但依旧获得包括最佳视觉在内的五项奥斯卡提名，可见奥斯卡对此的偏爱，《侠盗一号》只要稍加进化，陪跑到最后应该不成问题。《星际迷航》系列也是奥斯卡技术类奖常客，毫无突破的《超越星辰》唯一对手是对手的进化。阔别20载的《独立日2》卷土重来，成为《星战》和《星际》劲敌，要知道《独立日》可是1997年奥斯卡最佳视觉奖的大赢家，遗憾的是，时光荏苒的《独立日2》技术上没有厚积薄发的表现，大有向竞争对手看齐的架势。此外，还未引进的《降临》曾获威尼斯金狮提名，尚保留一丝悬念，而月底才会公映的《太空旅客》将继《地心引力》和《星际穿越》后再度引领我们探索外太空，这也是科幻类的年度视觉突破的最大希望。\r\n</p>',1,0,'photoview/5844df0fca2dd.jpg','1480908559',1,0,0,0),(58,4,'《三少爷》何润东曝想看燕十三pk步惊云','新浪娱乐讯 何润东<a target=\"_blank\" href=\"http://weibo.com/1194869670?zw=ent\" class=\"wt_article_link\">[微博]</a>携其主演的<a href=\"http://ku.ent.sina.com.cn/movie/19366\" target=\"_blank\" class=\"\">《三少爷的剑》</a>出席路演活动的最后一站南昌，他在片中演技、造型双爆发，成最暖萌剑客，甚至有有男影迷在映后见面会表白。何润东透露最想看燕十三对决步惊云，但遗憾燕十三不似三少爷在片中感情戏丰富，“他们都有感情戏，我就没有，只是一直追杀着三少爷”！另外，何润东身穿一身粉色毛衣出席南昌见面会，据悉，毛衣是前天后援会精心挑选送给他的礼物，他便穿到现场并与特地邀请粉丝合影，暖男行径，从戏里暖到戏外。\r\n<p>\r\n	　　<strong>羡慕三少爷“左拥右抱” 想看燕十三pk步惊云</strong>\r\n</p>\r\n<p>\r\n	　　此次何润东饰演的燕十三是一个绝世剑客，片中的他一心向武，执着于剑。对此何润东表示很遗憾自己在片中没有感情戏，并笑称：“他们都有感情戏，我就没有，只是一直追着三少爷，所以这电影我们就玩笑说可以叫《三与十三之恋》《恋爱十六》。”他也坦言自己演过很多武侠人物，想看燕十三跟步惊云对决。“我其实喜欢比较魔性的人物，所以比较喜欢燕十三，气场很强很邪恶的大boss，而且个人也比较喜欢步惊云，所以以后如果可以拍一个戏燕十三对战步惊云还蛮有意思的，就像超人对战钢铁侠。”\r\n</p>\r\n<p>\r\n	　　<strong>燕十三男粉丝暴涨 “你情愿怎么死”表情台词走红</strong>\r\n</p>\r\n<p>\r\n	　　<a href=\"http://ku.ent.sina.com.cn/movie/23695\" target=\"_blank\" class=\"\">《三少爷的剑》</a>上映后，何润东饰演的燕十三一角不仅虏获了女粉丝的芳心，更是吸引众多男粉丝的追捧。继步惊云之后再掀武侠热潮，凭借造型、反差萌、剑术高超等多重魅力吸引大量“迷弟”，绝世剑客荷尔蒙爆棚，在各地影院见面会都收到男粉丝的大胆告白，有人说：“以前身边的姑娘都超迷步惊云，看完电影后，燕十三真正成为我心中的那个大侠，很想成为燕十三一样的剑客”。燕十三近日被网友称为是男生最想成为的十大武侠人物之一，因为造型特殊形象颠覆，不但烟十三妆引发热议，更引发网友创造力，还有一套恶搞设计表情包，让他戏里的台词“你情愿怎么死”成为了网络万能怼人语。\r\n</p>',1,0,'photoview/5844df30c28cb.jpg','1480908592',1,0,0,0),(59,4,'《极速之巅》热映 小尼大秀高智商犯罪','新浪娱乐讯 12月2日，内地电影市场迎来数部影片上映血拼厮杀。作为岁末进口批片中唯一一部犯罪动作片，超烧脑超烧钱的<a href=\"http://ku.ent.sina.com.cn/movie/25411\" target=\"_blank\">《极速之巅》</a>以飙车、枪战、毒品交易为故事主线，整个观影过程惊险刺激。这部影片聚集了安东尼·霍普金斯和本·金斯利这样的奥斯卡影帝老戏骨，另外有尼古拉斯·霍尔特、菲丽希缇·琼斯这样的新生代“盛世美颜”领衔主演。小尼演技爆发，老戏骨飚戏，影迷为之舔屏，《极速之巅》以其狂飙之态，正燃爆中国大银幕，再次刷新黑道影片新高度。\r\n<p>\r\n	　　这部“不看到最后不知道结局”的片子，其故事讲的是尼古拉斯·霍尔特小尼饰演的男主角凯西·斯登，作为美国背包客因多次偷车而躲避牢狱之灾，逃到德国，并参与到本·金斯利饰演的格伦的毒品交易，直到遇到一生挚爱由菲丽希缇·琼斯饰演的朱丽叶·玛尔才收手，不料女友患上重病需要救治，凯西·斯登决定为爱最后一次赴险涉毒，对未来的恐惧抛之脑后，闭着眼睛往前冲……\r\n</p>\r\n<p>\r\n	　　毒品、犯罪、枪击、暴力、黑帮才是影片让你自high的重要看点。在给本·金斯利饰演的格伦卖命过程中，实则是以命相抵的危险狂飙之旅，对手是不动声色却心狠手辣的安东尼·霍普金斯。由童星慢慢进阶成一米九的鲜肉大帅哥，小尼的角色告诉影迷，游刃有余的周旋在两大黑帮势力间靠的不是别开生面的颜值而是可以进入门萨会员vip的智慧。一开场就炫酷到爆的大场面，他和死党拦截毒品汽车，却遇到了行为谨慎、吃喝拉撒都要在车上的司机，苦恼的无从下手。小尼和死党人设爆发，百密一疏间，他们逮住机会抢到车，高智商的绝密行动上演。\r\n</p>\r\n<p>\r\n	　　小尼在影片中“下了一盘很大的棋”，死党则是猪一样队友的化身，轻浮冒进、心不在焉，思路跳线，瞬间在鬼门关走过一圈之后才意识到小尼玩弄黑帮大佬的超高天赋。偷车、干掉司机、偷梁换柱、在天罗地网中夺命而逃....。。小尼给影迷们带来了非比寻常的烧脑大片。这个不想靠脸吃饭却有绝世美颜的青年演员，一直在不断追求高段位演出。\r\n</p>',1,0,'photoview/5844df56a7d8c.jpg','1480908630',1,0,0,0),(60,4,'拒绝山寨和黄暴 郑恺拍网大不走寻常路','新浪娱乐讯 12月4日，由郑恺<a target=\"_blank\" href=\"http://weibo.com/1275280670?zw=ent\" class=\"wt_article_link\">[微博]</a>担任出品人的软科幻喜剧网络大电影《无尽日》在上海杀青，郑恺、总制片人兼男主角张殿伦、导演韩博文、主演周德华携众演员出席杀青仪式。作为出品人兼主要演员，郑恺表示自己公司出品的网大不会走山寨和黄暴路线，而是希望以专业军的姿态拍一些不落俗套、不走寻常路的网大类型，并将以软科幻为主要方向。\r\n<p>\r\n	　　<strong>郑恺出品网大称不走寻常路</strong>\r\n</p>\r\n<p>\r\n	　　《无尽日》用软科幻和癫狂喜剧的方法，讲述了一个桀骜不驯、目中无人的三流艺人在生命永远循环在同一天的过程中，终于领悟了生命的真相，完成心灵自我救赎的故事。郑恺在片中饰演一个风流倜傥、喜剧意味十足的角色。而当天拍摄时他则是以算命先生身份出现，“今天演一个算命先生，而且临时突发奇想用上海话来演。反正就是想把它搞得有意思，不落入俗套，不走寻常路，每一个细节都处理得不一样。”\r\n</p>',1,0,'photoview/5844df7dca2dd.jpg','1480908669',1,0,0,0),(61,5,'中国航母超强度训练让印度如鲠在喉 苦果自己咽','<p>\r\n	从印度的发展中看到了前苏联的影子，发展不均衡。修个烟囱多修不好，造个高架桥坍塌压死人，造个飞机耗费三十年，修个军舰被人层层盘剥。基础不扎实，一切多是空。却喜欢处处跟中国别苗头。\r\n</p>\r\n<p>\r\n	疯狂地跳吧，神粉们，印度的坦克工业赶上中国了再说印度的航母厉害吧，中国的起点高，态度认真，现在又打算抓紧时间来改造明斯克号来了，看看到2018年的时候会有多少艘航母吧，另外不要忽略了航母在建造，机队和飞行员也在补充的，估计中国目前还是在培养种子教官，磨刀不怕砍柴误，看谁笑到最后\r\n</p>',1,0,'','1480908743',0,0,0,0),(62,5,'美国《国家利益》杂志提出在南海教训中国的六个办法','<p>\r\n	无数事实证明：美国是世界和地区和平的灾星，美国霸权的魔爪伸到哪里，哪里就没有和平。宁可相信骗子，也不要相信美国流氓！\r\n</p>\r\n<p>\r\n	看到了吧美国的6个对付中国的办法，是多么的卑鄙！那些霉狗汉奸，应该看清楚美国虚伪的面目。中国从来不惧怕任何国家的霸权行为，时刻准备着。\r\n</p>\r\n<p>\r\n	这也叫办法，&nbsp;那些不是美国现在正在做的吗，有什么用你做你的我做我的&nbsp;你做的越多我控制的海岛越多&nbsp;这生意应该做\r\n</p>',1,0,'','1480908778',0,0,0,0),(63,5,'中国终于对朝鲜动真格 打下从未有过的杀威棒','<p>\r\n	一个不受制约的小国，怎么可能过得舒服？以色列强大吧，一个号称最小的超级大国也听美国的，巴基斯坦有核武器吧，只要遵循国际原则，照样在中美之间左右逢源。伊朗够有钱吧，人口技术资源样样超过朝鲜，只因为没有紧贴大国，不照样妥协于国际压力。某小国不知报恩，只知道索取，怎么可能长久？\r\n</p>\r\n<p>\r\n	3阿！先让百姓吃饱比你以发展核武为引领的先军政策容易得到国际，国内肯定。政权稳定，军事安全多跟中俄沟通，经济发展都学学中国成功经验。别动不动就灭谁灭谁，国际社会知道你几斤几两，听哥句劝啊！\r\n</p>',1,0,'','1480908799',0,0,0,0),(64,5,'主张中日之间必有一战定强弱是幼稚想法','我看完了。怨不得网友们怒火中烧，文章的基调确实不妥！第一，中日的历史问题与现实问题，责任与症结都在日本，把中国人民要日本承认历史反省战争罪责的诉求，说成是弱国心态或民族主义，极为错误！第二，强弱在虚实不在大小，我们现在仍然是大而不强，与真正的强国相比，还有不小的差距，砖家们时刻以大国心态自居，多少有些夜郎之嫌。第三，中日之间不一定爆发战争，但在一个相当长的时期中，时刻有爆发战争的危险（譬如说钓鱼岛还要不要了？）！认识不到这点的砖家，就是对历史的犯罪！（日本是一个欺软怕硬，臣伏强者，蔑视弱者的民族。只有中国在各方面都强大到让日不仰视，并时刻对它们瞪大警惕的眼睛，才会彻底避免战争！）',1,0,'','1480908824',0,0,0,0),(65,5,'这个国家收了30亿美元搞定解放军大难题','<div>\r\n	<span>图为中国国产“岷山”航空发动机，这款发动机在2012年珠海航展首次亮相，当时计划取代从乌克兰马达西奇公司购买的AI-222-25发动机，配备在国产的L-15“猎鹰”高教/攻击机上，但是多年过去了，虽然L-15成功出口了多个国家，但是依然配备的是乌克兰发动机，这一方面说明了乌发动机的可靠性，另一方面也说明了突破发动机技术壁垒的困难性。</span>\r\n</div>\r\n<div>\r\n	<span><br />\r\n</span>\r\n</div>\r\n<div>\r\n	<span>近年来，发动机已经越来越成为制约中国军队发展的瓶颈，作为现代工业的“皇冠”，发动机堪称最为核心的工业制品，以中国花几十年发展的涡扇-10发动机为例，一直到最近才解决了可靠性问题，这也让很多周边国家如日本、印度大言不惭的嘲笑中国航空工业的外强中干。面对这种严峻形势，中国高层做出了重大决策，先是投入500亿人民币成立新的发动机集团，这个10万人的大企业将全力进行发动机公关，这还不算完，最新的大动作最近也曝光了。</span>\r\n</div>\r\n<div>\r\n	<span><br />\r\n</span>\r\n</div>\r\n<div>\r\n	<span>据英国“简氏防务周刊”报道，中国在立足国内的基础上，又与国外合作研制发动机，在俄罗斯态度尚不明确的情况下，俄的死敌乌克兰却有了动作，有着“航空发动机沙皇”之称的乌克兰发动机巨头马达西奇公司已经他同意和中国联合建设发动机公司，专门解决中国的发动机困难，据称，这个新成立的公司由中方投入绝大部分资金，达到200多亿美元约合30亿美元，而乌克兰只需要投入科研人员和相关技术，对中乌两国而言，这是双赢的局面，中国将大大加快解决发动机痼疾的速度，而乌克兰则获得宝贵的美元外汇拯救其经济。</span>\r\n</div>\r\n<div>\r\n	<span><br />\r\n</span>\r\n</div>\r\n<div>\r\n	<span>由于中国这次非常大方，乌克兰方面也拿出了最后的家底，几乎所有乌克兰掌握的发动机相关技术都会向中国转让，包括大型飞机使用的D-18T大涵道比涡扇发动机、重型直升机使用的D-136发动机，中型运输机使用的D-436三轴大涵道比涡扇发动机、战斗机使用的AI-222-25涡扇发动机和巡航导弹使用的MS-400涡扇发动机，甚至连乌克兰最引以为豪的大飞机制造技术都全套转让!</span>\r\n</div>\r\n<div>\r\n	<span><br />\r\n</span>\r\n</div>\r\n<div>\r\n	<span>中国与乌克兰的这次合作可谓是非常高明的策略，首先，发动机是中国军工最后的壁垒，也是乌克兰最后的底牌，通过一次合作解决解放军最大的难题，同时将乌克兰最后的技术积累拿到手，这无疑是非常划算的买卖。据消息人士透露，乌克兰将会派出大批科研人员到中国进行指导和合作，这些经过前苏联严格训练的发动机、材料、设计等领域人才将极大促进中国发动机的发展，虽然乌克兰方面此举很大程度上是出于经济目的，但是我们也应该感谢他们的贡献。</span>\r\n</div>',1,0,'photoview/5844e03faba95.jpg','1480908863',1,0,0,0),(66,5,'特朗普私下竟这样看中国,我们有什么理由不爱国','<div>\r\n	<span>空白的从政经历，高调的巨贾身份，相当一部分最坚定的支持者是“正在日渐衰弱”的美国制造业的蓝领，这使得特朗普竞选中最引人注目的对华政策涉及“中美贸易”。听听特朗普私下里是如何对身边的幕僚和支持者们评价中国的吧：</span>\r\n</div>\r\n<div>\r\n	<span><br />\r\n</span>\r\n</div>\r\n<div>\r\n	<span>美国在全球推行民主二十年，我们得到了什么。\r\n这二十年来，我们以国际警察和民主斗士自居，大力推行民主。\r\n我们美国人拿着枪和美金，在二十年内，相继干倒伊拉克的萨达姆，利比亚卡扎菲，叙利亚，埃及，乌克兰，土耳其，希腊。\r\n请问我们美国人得到了什么。\r\n我们的商人不敢去中东和非洲做生意，在巴西奥运会不敢打国旗，在中东石油产区只要承认自己是美国人，直接是作死的行为。得罪了普京，得罪了欧盟，得罪了中国。</span>\r\n</div>\r\n<div>\r\n	<span><br />\r\n</span>\r\n</div>\r\n<div>\r\n	<span><br />\r\n</span>\r\n</div>\r\n<div>\r\n	<span>我们美国控制了高科技，居然在国际贸易中干不过中国，只得舍弃世贸组织去搞TPP.\r\n请看中国，这二十年得到了什么。\r\n他们不光夺走了我们的世贸组织第一名，还买到了全世界百分之八十的钢铁，百分之四十的石油天然气，百分之70的大豆，百分之80的铜和黄金，买到了乌克兰的航母，以色列的导弹，德国的机床和法国的红酒。他妈的还都是用美金买的。</span>\r\n</div>\r\n<div>\r\n	<span><br />\r\n</span>\r\n</div>\r\n<div>\r\n	<span>他们买走我们的粮食，卖给我们辣条和方便面，买走了我们的钢铁，卖给我们比基尼内裤。买走了我们的石油，卖给我们玩具。\r\n这都不是主要的，中国现在人民币国际化直接拿美国的美元作保，就算人民币不值钱了，立即可以兑换美元，谁都知道，他们有很多美元，比我们还多。\r\n妈的，非洲都被他们夺走了，这就是我们的下场。 我绝对不支持奥巴马的TPP，我要让民主党的奥巴马和希拉里变成美国历史上最大的笨蛋。\r\n我就是你们的下一届总统，请支持我，我们要光荣独立，谁有钱和谁做生意，我们要过好日子。</span>\r\n</div>\r\n<div>\r\n	<span><br />\r\n</span>\r\n</div>\r\n<div>\r\n	<span>这二十年，中国农村的自杀率下降了90%，文盲率下降至10%不到，寿命提高10岁以上，私人轿车从无到全国性堵车，高铁占全球70%、很快50万人的城市都有高铁链接，高速公路从无到两千多个县都通，世界最长的桥最高的桥最难的桥中国人都不当回事造，中国人有钱得北京上海深圳的房价快要赶上我们的纽约还要离婚疯抢，中国人不去哪个国家旅游哪个国家就急，中国人不买、世界铁矿石石油就暴跌，更可气的是基本没有恐怖活动胆敢在中国进行……美国已经成为生活在巨大美元泡沫上，无可救药的国家了……</span>\r\n</div>\r\n<div>\r\n	<span><br />\r\n</span>\r\n</div>\r\n<div>\r\n	<span>投我一票吧，只有我可以拯救这个糟糕的美国了！</span>\r\n</div>',1,0,'photoview/5844e05cbaeb9.jpg','1480908892',1,0,0,0),(67,5,'韩国慌了！中国的杀手锏露出来了','<div>\r\n	<span>韩国海警朝着中国渔民开枪的消息在韩国国内并未引起多大关注，但人们普遍关注了关注“八女干政”引发的韩国政坛震动，猜测着该事件是否会影响大选选情甚至会不会导致朴槿惠下台时，殊不知有只要搞烂韩国的幕后的手。政治的手腕往往都是曲折的。</span>\r\n</div>\r\n<div>\r\n	<span><br />\r\n</span>\r\n</div>\r\n<div>\r\n	<span>下面的这条消息岁没太多地引起人们的注意，但幕后之手的这一动作无论韩国政坛如何变动都将继续将韩国往深泥潭里推且无法自拔，还是先看消息吧：</span>\r\n</div>\r\n<div>\r\n	<span><br />\r\n</span>\r\n</div>\r\n<div>\r\n	<span>韩国《中央日报》11月1日报道，英国《太阳报》10月31日报道称，美国从夏威夷珍珠港基地向朝鲜半岛海域转移部署了能够探测弹道导弹的X-波段雷达。《太阳报》还援引夏威夷当地居民的话报道称，已拍摄到了X-波段雷达离开夏威夷的画面。</span>\r\n</div>\r\n<div>\r\n	<span><br />\r\n</span>\r\n</div>\r\n<div>\r\n	<span>可从以下两点入手分析：</span>\r\n</div>\r\n<div>\r\n	<span><br />\r\n</span>\r\n</div>\r\n<div>\r\n	<span>一、这是美国战略调整计划的一部分，在撤走大部驻韩美军前一是将中韩搞成敌对关系，二是怕韩国不按美国设计的走，然后跟中国重新和好，美国将韩国先搞烂。</span>\r\n</div>\r\n<div>\r\n	<span><br />\r\n</span>\r\n</div>\r\n<div>\r\n	<span>二、这是美国在中韩之间打下的真正楔子，萨德是幌子。同时也是美国因美菲关系出现不和谐重新调整的结果。</span>\r\n</div>\r\n<div>\r\n	<span><br />\r\n</span>\r\n</div>\r\n<div>\r\n	<span style=\"font-size:16px;\">在苏联解体后，美国认为自己已是一超独霸，当时中国综合实力也确实跟美国相差太远，美国也没将中国放在眼里。又鉴于萨达姆的石油交易声称要用欧元结算，动了美元霸权头上的土，因此美国大兵浩浩荡荡到中东的伊拉克去打萨达姆去了。对中韩建交也没放在心上。当美国在中东和阿富汗折腾的时候，中国却闷着头在家里一心一意谋发展，竟然小有成就。</span>\r\n</div>\r\n<div>\r\n	<span><br />\r\n</span>\r\n</div>\r\n<div>\r\n	<span>当美国回过头来审势东亚时，发现自己已经失去了遏止中国发展的最佳时机，开始将目光重新回到中国周边。有了组建亚洲小北约的设想。但此时已被中国利用经贸优势限制住了，换言之，中国就是以经济为砝码让韩日在中美的天平中向中国倾斜，中国让利韩国就是中美博弈的需要，并不是中国有求于韩国。</span>\r\n</div>\r\n<div>\r\n	<span><br />\r\n</span>\r\n</div>\r\n<div>\r\n	<span>韩日摆脱不了自己作为棋子的命运。美国作为博弈高手率先引爆了其前辈在中日之间埋下的钓鱼岛这颗地雷，一下就把中日关系降到了冰点。作为应手，中国则顺势将中日政治和经济关系进行冷藏，在世界经济持续低迷的背景下，中国静观美日因经济问题引起的变化。总体来看日本是快要坐不住了，我们要有足够的耐心。</span>\r\n</div>\r\n<div>\r\n	<br />\r\n</div>\r\n<div>\r\n	<span>中国之所以强烈反对萨德一是大国博弈中主要是作势，虽不见得用得上，但要尽力让自己处于有利态势，美国此举就是如此。二是中国多年对韩国让利因有驻韩美军和美韩军事同盟在，中国也没奢望韩国跟中国一块反美，只是希望韩国能够中立就好，而其部署萨德反导系统的举动明显地助长美国有损中国的战略安全，中国是不会容忍韩国一边从中国获益一边做有损中国利益之事的，所以要声称坚决采取应对措施。</span>\r\n</div>\r\n<div>\r\n	<span><br />\r\n</span>\r\n</div>\r\n<div>\r\n	<span>韩国的技术是西方扶持下来的，跟美日是竞争关系，失去了中国市场，它在跟美日的竞争中没有优势可言，其它国家或地区的市场容量又小，决定了韩国经济必然下滑，也将导致更多的民生和社会问题。韩国在中国有太多的经济利益，因此很多大大小小的人物也都若明若暗的有了联系。这次媒体不断的按照节奏放料，每次在朴槿惠快要度过难关的时候，又有新的猛料被放出来，这显然是有个非常高明的组织在背后暗中策划。不多说了，大家猜吧。只能说朴槿惠反华得罪了太多韩国财阀的利益。</span>\r\n</div>',1,0,'photoview/5844e07d39387.jpg','1480908925',1,0,0,0),(68,9,'小吃店还未开业3人死亡 医生：煤气中毒','这个事故真令人唏嘘。在邵逸夫下沙院区、117医院机场路院区两间急诊室里，早上9点多，两男一女三位病人正在被医务人员紧急抢救。可再用力的心肺复苏，也换不回他们的心跳了。\r\n<p>\r\n	　　这3人当中，有26岁的小张和他23岁的妻子，年纪大一点的，是小张58岁的姑父。\r\n</p>\r\n<p>\r\n	　　3个人倒在了他们刚刚开张的“嵊州小吃”的厨房里，锅上刚刚烧开的水还在咕咕作响。他们还没来得及卖出第一份早餐，就这样去世了。在官方最新的通报中，他们的死因是疑似一氧化碳中毒。\r\n</p>\r\n<p>\r\n	　　这家嵊州小吃店在九堡天阳九筑的沿街店面上，是小张今年11月21日刚刚租来的。小张打算在这里做老家的“特产”——开遍杭州的嵊州小吃店。\r\n</p>\r\n<p>\r\n	　　从租下来那天起一直到出事前一天，小张和妻子就天天盯着装修的事情。\r\n</p>\r\n<p>\r\n	　　“他们两口子都还蛮好说话的。”一条街上的花店老板老戴说，“今天开张第一天，你看门口还有两个花篮，早上刚送到的。”\r\n</p>\r\n<p>\r\n	　　花篮上写着“开业大吉”的字样，周围已经围上警戒线。\r\n</p>\r\n<p>\r\n	　　最先发现意外的，是早上来这里吃早饭的居民。\r\n</p>\r\n<p>\r\n	　　如果没出事，他会是这家新开店的第一位客人。这位食客走进小吃店的时候，屋里好像没有人，他探头往厨房里看，就看到一双脚横在地上，房间里冒着蒸汽。食客赶紧大喊着跑了出来，老戴以及附近的居民围了上去，“发现不对了，我们只敢远远看着，不敢往里走。”\r\n</p>\r\n<p>\r\n	　　小吃店外面是饭桌，里面是厨房，中间用玻璃墙和不透明的门帘隔开的。\r\n</p>\r\n<p>\r\n	　　“我看到一个人躺着，双脚一动不动。”被喊声吸引到现场的居民蒋先生说，“后来120和110都来了，从里面抬出来3个人。”\r\n</p>\r\n<p>\r\n	　　蒋先生说，这样的小吃店一般是早上四五点钟就开始忙碌的，和面、烧水都要早早做准备，也不知道他们到底是什么时候倒下的。\r\n</p>\r\n<p>\r\n	　　“本来应该有小笼包、豆腐包摆在店门口的，但是门口什么都没有，说明他们忙活没多久，就出事情了。”蒋先生说道，小小的厨房间里，倒下了3个人，想想都让人伤心，“很有可能是厨房不透风，发现不对了想出来已经来不及了。”\r\n</p>\r\n<p>\r\n	　　民警赶到现场后，第一时间将开着的3个煤气瓶关闭，3人被分别送往了两家医院。邵逸夫医院下沙分院的医生告诉钱江晚报记者，病人在送来的时候已经没有心跳呼吸了，即便他们做了一个多小时心肺复苏，奇迹还是没有发生。\r\n</p>',1,0,'','1480909040',0,0,0,0),(69,9,'15岁女孩比同龄人矮一个头 医生:少了条染色体','磐安人张女士最近真是懊恼透了。她15岁的女儿个头比同龄孩子要矮一个头，她一直以为是营养没跟上的缘故，没想到，前几天到医院一查，发现女儿发育不良原来是少了一条染色体！\r\n<p>\r\n	　　“是我把女儿耽误掉了，我应该早点带她来检查，现在这可怎么办啊？”\r\n</p>\r\n<p>\r\n	　　<strong>读初二的女儿</strong>\r\n</p>\r\n<p>\r\n	　　<strong>身高只有1米3</strong>\r\n</p>\r\n<p>\r\n	　　据张女士介绍，女儿茵茵出生的时候就比较瘦小，后来个头也总是跟不上同龄孩子，上学后一直都是坐在第一排。\r\n</p>\r\n<p>\r\n	　　家里人总觉得是孩子挑食，营养跟不上的缘故，所以也没太在意。\r\n</p>\r\n<p>\r\n	　　上小学以后，茵茵已经比同龄的女孩矮了大半个头，平常家长相互聊起来的时候很多都担心孩子早熟，带孩子去医院也是检查有没有提早发育。\r\n</p>\r\n<p>\r\n	　　张女士觉得很庆幸，茵茵没有这样的烦恼，想想到一定的时间后，孩子自然会长高发育的。\r\n</p>\r\n<p>\r\n	　　转眼茵茵已经是初二的学生了。由于身高只有1米3多，而且没有一点发育的迹象，在学校里经常被同学嘲笑，回家后就自己一个人躲房间里，性格也变得越来越敏感、自卑，张女士这才意识到问题的严重性。\r\n</p>\r\n<p>\r\n	　　<strong>孩子少了一条染色体</strong>\r\n</p>\r\n<p>\r\n	　　<strong>错过最佳治疗期</strong>\r\n</p>\r\n<p>\r\n	　　张女士带茵茵来到磐安县人民医院儿科就诊，经过测量，茵茵的身高、体重和一个10岁女孩的标准相近。\r\n</p>\r\n<p>\r\n	　　进一步进行性激素、染色体等检查项目后，发现茵茵少了一条性染色体，医生确诊茵茵患有Turner综合征。\r\n</p>\r\n<p>\r\n	　　该院儿科刘文峰医生介绍，Turner综合征又称先天性卵巢发育不良，它是一种性染色体全部或部分缺失引起的先天性疾病。\r\n</p>\r\n<p>\r\n	　　发病率约为1/2500，如果不及早治疗最终身高可能在1米4左右，而且绝大多数患者不能自行出现青春期发育，甚至可能不会有生育的能力。\r\n</p>\r\n<p>\r\n	　　刘医生强调，Turner综合征具有特殊的体征，如身材矮小、面部多痣、五官距离过远、性发育迟缓等，部分患者伴有轻中度的精神发育迟滞的表现。\r\n</p>\r\n<p>\r\n	　　家长应该留心观察孩子的身高变化，如果发现有问题，要第一时间带到医院的儿科或内分泌科就诊，以尽早诊治，千万不能因侥幸心理，而耽误了治疗孩子矮小的最佳时机。\r\n</p>',1,0,'','1480909057',0,0,0,0),(70,9,'5旬农民工地独斗5名小偷 全身20多处伤口','11月29日，镇江市丹徒区，阳光明媚，是个难得的好天气。然而，53岁的朱荣江却跟周围人说，要下雨了。大家都不信。结果，当晚，雨真的淅淅沥沥下了起来。第二天，大家问朱荣江：“老朱，你的天气预报咋这么准？”朱荣江用手指敲敲自己的左脑门笑着说：“每次这里疼得厉害，就是要下雨，没错过。”\r\n<p>\r\n	　　朱荣江的脑门为什么疼？原来，这是他两年多前独斗5名小偷身受重伤留下的后遗症。不仅如此，他的左眼也因脑门处的伤压迫到神经，变得视力模糊。日前，朱荣江因见义勇为，获评“第十三届全国见义勇为模范”称号。\r\n</p>\r\n<p>\r\n	　　<strong>工地进贼，他只穿内衣就追了出去</strong>\r\n</p>\r\n<p>\r\n	　　瘦高的身材、黝黑的脸庞，始终带着微笑。这是记者初见朱荣江的印象。今年53岁的朱荣江是镇江市丹徒区人，地道的农民。拉了几句家常，朱荣江身上淳朴、敦厚的气质便显现了出来。“平时和人交往，会说到两年前见义勇为的事情吗？”“不说，都过去了。”“还记得那天晚上的事情吗？”“记得，不会忘记。”虽然两年多前的那次见义勇为造成的伤痛后遗症仍在，但朱荣江回忆起事情经过，却显得相当淡然。\r\n</p>\r\n<p>\r\n	　　那是2014年3月27日凌晨4点左右发生的事情。当时，朱荣江在丹徒新城金色阳光建筑工地当看管员。“我在工地上两年多了，因为丢过几次东西，所以格外警觉些。”朱荣江说，凌晨4点左右的时候，他突然醒了，直起身往工地方向望了一眼，一个人影在灯光下一闪。当时不可能有工人上工，朱荣江心里“咯噔”一下，有贼！\r\n</p>\r\n<p>\r\n	　　当时的气温在10℃以下，朱荣江身上只穿一件内衣，披了一件军大衣便出门查看情况。果然，一名男子正在盗窃工地上的脚手架扣件。朱荣江大喝一声，“干什么的！”小偷回头一看来了人，吓得转身就跑。“我看他就一个人，自忖对付得了，当即追了上去。”朱荣江说，一跑起来，披着的军大衣就掉了，但也顾不了那么多了。\r\n</p>\r\n<p>\r\n	　　<strong>“我怎么也要抓住一个”</strong>\r\n</p>\r\n<p>\r\n	　　小偷向工地西面逃窜，朱荣江一边追一边大喊抓小偷。追了500多米后，突然从附近的油菜田里又窜出4个人。他们从身上掏出扣件向朱荣江砸过来，想以此吓住他。这些铁质的扣件一个重3斤左右，砸到身上是刺骨的痛。朱荣江这才意识到，小偷有5个人，不过他没有退缩。\r\n</p>\r\n<p>\r\n	　　这时，前方出现一个矮坡，上了坡子就是水泥路。5名小偷急速地冲上矮坡，其中一人一个踉跄，摔倒在坡上。朱荣江立马扑了上去，将掉队的小偷一把抓住。这时，其他小偷见同伙被抓，立马回身，扣件没头没脑地往朱荣江砸来，同时，有两人又从坡上跳下，拉开朱荣江的双臂，将他推倒在地。\r\n</p>\r\n<p>\r\n	　　此时，朱荣江的胸部、腹部和背部都被扣件砸得不轻，但他还是继续追上了矮坡。“怎么也得抓一个送公安，他们见了我跑，那是做贼心虚，我是正义的，不怕他们。”回忆到这里时，朱荣江的眼神迷离，嘴里喃喃自语，也不知他是在给记者讲述事件经过，还是说给自己听。\r\n</p>\r\n<p>\r\n	　　5名小偷一看朱荣江还是紧追不放，只得一边跑一边继续扔扣件袭击他。很快，偷来的扣件全砸完了。他们又从路边的树上扳下树枝，朝着朱荣江劈头盖脸打来。“树条子打在脸上，火辣辣的疼，可我看他们扣件没了，身上也没有其他凶器，觉得他们黔驴技穷，更不怕他们了。”朱荣江说。\r\n</p>\r\n<p>\r\n	　　让朱荣江没想到的是，这条新修的水泥路边的人行道还没完工，路边堆了不少切割好的花岗岩石块。嫌疑人见朱荣江还是紧追不放，又捡来石块往朱荣江砸来。一时间，朱荣江头上鲜血直流，人也昏昏沉沉，追逐的脚步慢了下来。这时，5名嫌疑人已经来到了他们停放摩托车的地方，发动车子继续逃窜。可能是因为太慌张，其中一名骑摩托车的嫌疑人一下撞上了路牙，连人带车摔倒在地，被车子压在底下爬不起来。看到这一幕，朱荣江顿时又来了劲儿。“这回还不逮一个吗！”朱荣江立即扑上去，将嫌疑人死死压在身下并大喊，“这下你跑不掉了！”\r\n</p>\r\n<p>\r\n	　　已经逃跑的4名嫌疑人见一人掉队，当即回转。他们看到朱荣江骑在同伙身上，当即又到路边捡来花岗岩石块，继续朝朱荣江头部砸。顿时，朱荣江头部血流如注，身子一软，被嫌疑人将他的手扳开，推在一旁。朱荣江的视线渐渐模糊，只看到两辆摩托车越驶越远。\r\n</p>',1,0,'photoview/5844e128a7d8c.jpg','1480909096',0,1,0,0),(71,9,'高一男生放学途中被撞飞 书包棉帽救回一命','扬子晚报讯（通讯员&nbsp;华景轩&nbsp;记者&nbsp;梅建明）11月30日，南京六合一高中学校的男生吴同学在放学的路上遭遇了飞来横祸，一辆越野车拐弯时由于速度很快，一下子将他骑的自行车撞倒在地，人被撞出四五米远。幸运的是，吴同学倒地后被送往医院检查，仅仅局部软组织挫伤，这得归功于他当时放学所背的大书包和戴的厚厚的棉帽子，替他卸下了大部分撞击力，挽救了他一命。\r\n<p>\r\n	　　据出警的民警介绍，这起事故之所以没有造成人员流血受伤，关键在于吴同学从自行车上摔出去的时候，背上背有一个大书包，还有头部戴有一顶厚厚的棉帽子，这两样起了很大的保护作用，不然，后果还真难以想像。\r\n</p>',1,0,'','1480909118',0,0,0,0),(72,9,'女子见前男友与女友相聚 用酒杯砸伤二人被判刑','扬子晚报讯(通讯员 徐吉梅 记者 \r\n万凌云)看到前男友与女友一起用餐，镇江新区一女子恨意蓦然升腾，而令人匪夷所思的是，竟持酒杯将两人打伤。3日，镇江开发区法院主审这一“暴力”案件的法官介绍，该名“怨女”和“猛女”，一审被镇江开发区法院以故意伤害罪，判处有期徒刑一年，缓刑一年。\r\n<div id=\"ad_42120\" class=\"otherContent_01\" style=\"margin:10px 20px 10px 0px;padding:4px;\">\r\n</div>\r\n<p>\r\n	　　主审法官介绍，2016年4月某日晚，陆某和其女友王某在镇江新区某饭店包厢内与朋友一起吃饭，觥筹交错间相聚甚欢，很是和谐愉快。不想忽然一杯啤酒从头后面泼过来，泼在其脸上。陆某转身一看，发现是其前女友戴某。而在其还没反应过来，戴某泼过之后就用酒杯砸了他的头部，当时头左侧部就被砸破了，杯子也被砸坏了。\r\n</p>\r\n<p>\r\n	　　戴某的暴力至此还没有收场，然后戴某又用砸坏的杯子，去戳陆某女友王某的脸，并且当时王某的脸就被戳破了。面对如此凶悍的戴某，反应过来的王某当即报警。\r\n</p>\r\n<p>\r\n	　　后经送医及鉴定，王某的损伤属轻伤一级，陆某的损伤属轻微伤。案发后，戴某很快被控制到案。庭审中，戴某供述说自己恨陆某，毕竟相处了好几年被迫分手；同样原因，她也恨王某，所以出手伤人报复。\r\n</p>\r\n<p>\r\n	　　法院审理后认为，被告人戴某故意伤害他人身体，致一人轻伤，一人轻微伤，其行为已构成故意伤害罪。鉴于被告人戴某有坦白、积极赔偿被害人经济损失，并取得被害人谅解，又系初犯，综合考量被告人的犯罪事实、情节、社会危害程度，最终判处有期徒刑一年，缓刑一年。\r\n</p>',1,0,'','1480909136',0,0,0,0),(73,11,'美国大学一名华裔教授遇刺身亡 凶手系男性学生','据报道，美国洛杉矶警方2日证实，一名华裔教师当天在南加州大学校园内遇刺身亡。嫌疑人是一名男性学生，已被警方拘押。\r\n<p>\r\n	　　当局表示，这名学生的作案动机或为个人恩怨。警方称，其保释金被定为100万美元。\r\n</p>\r\n<p>\r\n	　　<strong>被刺多刀当场身亡</strong>\r\n</p>\r\n<p>\r\n	　　美国当地时间2日下午，警方接到报警赶至南加大马德大楼，发现该校教授曾晓峰被刺多刀，宣告当场死亡。警方同时逮捕了一名男性嫌犯。警方称，这起案件不是一件随机杀人案，嫌犯是冲着死者而来，可能有个人恩怨。\r\n</p>\r\n<p>\r\n	　　当地时间6日，南加大校长发表声明，表示2日在校园内马德大楼遇刺身亡的是学校Dornsife认知神经影像中心联合主任、心理学教授曾晓峰。\r\n</p>\r\n<p>\r\n	　　声明称，南加大对曾教授的离去表示哀悼，向他的家人送上哀思。另据洛杉矶市警局方面介绍，持刀行凶的嫌犯名为大卫·乔纳森·布朗，28岁，居住在洛杉矶市，因涉嫌谋杀被捕，保释金定为100万美元。\r\n</p>\r\n<div id=\"ad_42120\" class=\"otherContent_01\" style=\"margin:10px 20px 10px 0px;padding:4px;\">\r\n</div>\r\n<p>\r\n	　　同日下午，南加大图书馆还发生了一名男子用灭火器袭击学生的意外事件。警方表示已将嫌疑人逮捕，此案与华裔教授遇害案并无关联。南加大校方表示，请学生不要恐慌，校园内目前并无危险。校方鼓励有需要的学生积极到学校心理辅导服务处寻求帮助。有学生说，现在就想赶紧从学校毕业。\r\n</p>\r\n<p>\r\n	　　<strong>去年刚成为终身教授</strong>\r\n</p>\r\n<p>\r\n	　　南加大网站称，受害人曾晓峰在明尼苏达大学获得计算机科学博士学位，自2001年起在南加大教心理学课程，2015年正式成为南加大终身教授。\r\n</p>\r\n<p>\r\n	　　据了解，曾晓峰在读书时曾担任学校香港同学会主席，所以有可能来自中国香港。\r\n</p>\r\n<p>\r\n	　　与曾晓峰在实验室共事的项目经理普林顿称，曾晓峰已婚，有一个儿子，平时热心助人，从未听说他与人结怨。修读医科课程的学生乌里指出，事件令他想起加州大学洛杉矶分校今年6月发生的学生枪杀教授的血案，必须警惕无处不在的校园暴力。\r\n</p>',1,0,'photoview/5844e17aaf79e.jpg','1480909178',0,1,0,0),(74,9,'山体垮塌村支书赴现场工作 遭坠落碎石砸中身亡','11月25日，荣县铁厂镇山王村9组村道旁的一处山体发生局部垮塌，导致道路受阻。因担心再次垮塌引发人员伤亡和财物受损等意外事故发生，11月26日早上7时许，山王村村支书邹德才赶到事发现场，在道路前后设置禁行标识。就在其设置标识的过程中，意外发生——山体再次出现局部垮塌，坠落的碎石将邹德才打倒在地，后经医护人员抢救无效去世。\r\n<p>\r\n	　　邹德才的妻子吴群英告诉成都商报记者，当天一早，丈夫搜出家里的A4纸，逐一写上“道路危险 \r\n禁止通行”八个大字，然后骑上摩托车出了门。前一天晚上9时左右，邹德才已经睡下，还打电话与人交流了山体垮塌和设置禁行标识的事情。11月29日，邹德才出殡当天，全村300多名村民自发赶到邹家，送他最后一程。直到现在，垮塌现场的树枝上还挂着邹德才写的禁行标识。\r\n</p>\r\n<p>\r\n	　　成都商报记者从荣县铁厂镇政府了解到，经确认，邹德才系履行工作职责过程中意外身亡，后续相关工作正在进行中。而因事发山体仍存在垮塌可能，现已将道路完全封闭。\r\n</p>',1,0,'','1480909197',0,0,0,0),(75,9,'孙子遭前儿媳抱走 老太报假警称有人当街抢小孩','重庆晚报讯 光天化日之下，竟有人强抢小孩！民警拉响警笛，火速驱车赶赴现场。结果事情并非如此，这名法盲婆婆把警察骗了。\r\n<p>\r\n	　　2日中午，沙区110快处队三大队接到报警称，康居西城有个婆婆带着孙子在外玩耍，孙子被人抱走。\r\n</p>\r\n<p>\r\n	　　民警瞿永波、何坤侠、队员高必涛拉响警笛紧急赶往现场，同时联系报警的婆婆。婆婆在电话中慌张地说：“刚才我和孙儿在康居西城1组团楼下玩耍，突然有个陌生女子抱起孙儿就跑，我岁数大了根本追不上那女的。”\r\n</p>\r\n<div id=\"ad_42120\" class=\"otherContent_01\" style=\"margin:10px 20px 10px 0px;padding:4px;\">\r\n</div>\r\n<p>\r\n	　　约5分钟，民警到达康居西城1组团路边，找不到报警人。民警多次拉响警笛，却不见有老人上前说明情况。\r\n</p>\r\n<p>\r\n	　　民警通过电话不停联系报警的婆婆，电话终于接通。1分钟后，不远处出现了一个举着手机的婆婆。民警发现，婆婆的步伐胜似闲庭信步，慢慢悠悠地走过来。“婆婆怎么是不慌不忙的样子？”民警心里犯了嘀咕。\r\n</p>\r\n<p>\r\n	　　婆婆说自己姓艾，刚才孙子被一女子抱走了。民警追问女子是否她的熟人。艾婆婆这才吞吞吐吐地道出原委。原来，女子并非别人，竟是艾婆婆孙子的母亲。\r\n</p>\r\n<p>\r\n	　　1年前，艾婆婆的儿子与儿媳离异，2岁多孙子判归儿子抚养。艾婆婆不愿儿子前妻踏进家门，不准来看望孩子。当天，孙子被生母抱走后，艾婆婆怕民警知道真相不来帮忙找人，谎称是陌生人拐走孙子。\r\n</p>\r\n<p>\r\n	　　民警对艾婆婆报假警的行为进行了批评教育，同时告知母亲有看望孩子的权利和抚养的责任。\r\n</p>',1,0,'','1480909214',0,0,0,0),(76,11,'夏威夷局地积雪达90厘米 冲浪胜地变滑雪场','<p>\r\n	中新网12月5日电 据外媒5日报道，夏威夷的热带风情一向享誉世界，不过过去几天竟然降下鹅毛大雪，岛上有一些地方被厚达90厘米的积雪覆盖。\r\n</p>\r\n<p>\r\n	此前，美国国家气象局发出冬季风暴警告。气象学家说，夏威夷下雪其实也不能说是非常不寻常，不过，像这次一样降雪在海拔这么低的地方、下这么大都很少见。\r\n	<p>\r\n		　　降雪量最大的是夏威夷岛上最高的两座山峰冒纳凯阿火山Mauna Kea and和冒纳罗亚火山Mauna Loa。\r\n	</p>\r\n	<p>\r\n		　　预计当地时间4日夏威夷地区还将持续降雪。通往两座最高峰的公路将继续关闭到当地时间5日。\r\n	</p>\r\n	<p>\r\n		　　冰雪运动爱好者将利用这个好机会过把瘾。\r\n	</p>\r\n</p>',1,0,'photoview/5844e2044c4b4.jpg','1480909316',0,0,1,0),(77,11,'安倍会晤特朗普前遭美政府异议 提晚餐会被拒','[环球网报道 记者 \r\n初晓慧]据日美外交消息人士12月4日透露，关于首相安倍晋三11月中旬在纽约与美国候任总统特朗普的会谈，美国政府事先曾向日本政府提出强烈异议，认为“特朗普尚未就任总统，希望不要做出未有先例之举”。据日本共同社12月5日消息，日方表示会谈为非正式且不会参加特朗普提议的晚餐会以求得美方理解。但美国方面并未接受，之前曾进行协调的在秘鲁国际会议期间安倍与奥巴马总统的首脑会谈，两人仅站着进行了短暂交谈。\r\n<div id=\"ad_44089\" class=\"otherContent_01\" style=\"margin:10px 20px 10px 0px;padding:4px;\">\r\n</div>\r\n<p>\r\n	　　共同社还称，奥巴马政府对安倍的外交姿态流露出不满。安倍5月与奥巴马访问核爆地广岛时强调日美关系有着“信赖和友情”，然而奥巴马和安倍在那之后曾有3次会谈机会，却仅进行了短暂交谈。日美外交消息人士指出：“奥巴马反感安倍接近俄国的外交方针。”\r\n</p>\r\n<p>\r\n	　　据外交消息人士称，美国政府在总统大选结果出炉后的11月10日安倍与特朗普电话会谈之后，对于二人达成一致的17日在纽约举行首次会谈一事向日本政府提出了异议。\r\n</p>\r\n<p>\r\n	　　据悉白宫内部反对意见强烈，美国总统国家安全事务助理赖斯率先反对。美方还向日本表示，无法接受与特朗普的晚餐会。日本方面决定不参加晚餐会，以仅由翻译陪同的“个人非正式会谈”的形式争取打破僵局。\r\n</p>\r\n<p>\r\n	　　日美政府曾计划借19、20日在秘鲁召开亚太经合组织会议峰会之机，促成安倍与即将卸任的奥巴马举行最后一次首脑会谈，并就此进行了协调。然而20日APEC首脑会议合影之后，奥巴马仅在前往午餐会会场途中停留片刻，与安倍交谈了数分钟。\r\n</p>',1,0,'','1480909333',0,0,0,0),(78,11,'韩执政党部分议员支持弹劾总统 朴槿惠研究应对','中新网12月5日电 据韩媒报道，韩国执政党新国家党非主流议员组成的非常时局会议4日表示，如果朝野不能就总统弹劾问题达成协议，将在9日参与国会进行的总统弹劾案表决。总统府青瓦台方面尚未对此发表正式立场，但青瓦台参谋已对此“深表遗憾”。\r\n<p>\r\n	　　报道称，新国家党非主流议员黄永哲4日在国会结束非常时局会议大会后召开记者会时作出了上述表示。黄永哲称，不论政界有无争议，韩国民众对总统立即下台的要求是坚定不移的。\r\n</p>\r\n<div id=\"ad_44089\" class=\"otherContent_01\" style=\"margin:10px 20px 10px 0px;padding:4px;\">\r\n</div>\r\n<p>\r\n	　　黄永哲表示，非常时局会议将继续敦促在野党在剩下来的时间内尽力进行协商，但如果朝野不能就总统弹劾问题达成协议，那么非常时局会议参与议员将在9日无条件参与国会进行的总统弹劾案表决。\r\n</p>\r\n<p>\r\n	　　在有记者问到“如果朴槿惠总统发表有关下台的谈话，执政党非主流议员是否仍会参与弹劾”时，黄永哲肯定的表示，即便朴槿惠发表有关下台的立场，也将参与总统弹劾案表决。\r\n</p>\r\n<p>\r\n	　　另外，在谈到有关同朴槿惠进行面谈的问题时，黄永哲表示，青瓦台尚未提出相关提议，但即便朴槿惠提出面谈提议，也不会与其进行面谈。\r\n</p>\r\n<p>\r\n	　　对于新国家党非主流议员支持表决弹劾案的态度，韩国在野党的共同民主党和国民之党均表示欢迎，同时呼吁执政党全体议员参与总统弹劾。此外，在野圈决定，将努力在本周内提高总统弹劾案的支持率，促使弹劾案在9日国会全体会议中获得通过。\r\n</p>\r\n<p>\r\n	　　随着国会9日就弹劾案进行表决已成为“既定事实”，有观点认为，朴槿惠或将于7日和8日表明立场。对此，青瓦台有关人士表示，到目前为止，尚未做出任何决定，朴槿惠正在苦心研究各种方案。\r\n</p>',1,0,'','1480909350',0,0,0,0),(79,12,'日外相访俄频遇冷脸：普京无笑意 俄外长不握手','日本媒体4日爆料说，日本外相岸田文雄3日访俄与俄外长拉夫罗夫会面时，拉夫罗夫几乎全程冷脸，他甚至不屑与岸田握手。\r\n<p>\r\n	　　报道称，3日在圣彼得堡举行的日俄外长会谈被认为是俄总统普京15日访日前的最后一次预备会议。会议开始时，拉夫罗夫与岸田一起进入会场后直接坐下，未依照惯例握手并合影留念，“似乎根本不把日本外相放在眼里”。\r\n</p>\r\n<p>\r\n	　　日本共同社称，岸田此访意在保证即将到来的日俄首脑会谈顺利进行。尽管岸田2日得到俄总统普京的破例接见，但岸田在酒店等待了很长时间才见到普京，两人会谈仅进行了约30分钟。会谈中普京面无笑意，仅做出一些礼节性的“欢迎”回应。岸田有意将普京1日国情咨文中“(日俄关系)实质性进展”的说法和领土谈判联系起来，但普京毫无反应。此外，岸田在会谈后未向记者透露是否抗议俄军近期在北方四岛(俄称南千岛群岛)部署地对舰导弹，这被认为是谨慎而且“示弱”的表现。\r\n</p>\r\n<p>\r\n	　　日媒称，根据日俄外长会谈中俄方的表现，可以看到在目前的外交博弈中，俄方倾向于利用日本期望达成成果的心态，坚持强硬态度以争取对俄更有利的局面，这让日方相当为难。共同社称，俄方坚持北方四岛为该国通过正义途径合法取得，这成为阻碍日俄达成协议的关键，也使得想积极利用经济议题“牵引”俄方的日本外交陷入被动。首相安倍提出的对俄经济合作的“效果”不知何时才能显现，日本正陷于防守之势。\r\n</p>',1,0,'','1480909371',0,0,0,0),(80,11,'意大利修宪公投被否 总理伦齐宣布辞职','[环球网报道 记者 周骥滢]据法新社12月4日报道，出口民调显示意大利举行的修宪公投被否。此前总理伦齐曾表示，如果公投失败，他将辞去总理职务。据美联社称，总理伦齐承认公投失败，宣布会对结果负责，并宣布辞职。\r\n<p>\r\n	　　香港东网12月5日报道称，意大利周日举行宪法改革公投，投票结束后公布的票站调查显示，反对阵营大幅领先，势压倒性否决总理伦齐用政治前途作赌注的宪法改革建议。\r\n</p>\r\n<p>\r\n	　　法新社报道，对国家广播电台Rai和La7电视频道的票站调查，都指反对阵营以最少54%对46%压倒赞成阵营，平均比率为56.7%对43.3%。\r\n</p>\r\n<p>\r\n	　　这个票站调查结果与11月18日前公布的民调结果一致。伦齐曾誓言若在公投落败会辞职，他将于当地午夜时分在总理官邸发表声明。\r\n</p>\r\n<p>\r\n	　　公投落败和伦齐辞职，可能令意大利陷入新一轮政治不明朗和经济动盪。若伦齐下台，总统马特雷拉将领导斡旋委任新政府，以管理国家直至2018年春举行大选为止。\r\n</p>\r\n<p>\r\n	　　是次公投旨在削减参议院及地方政府权力，主要反对党派都坚持认为，如果公投被否决，应该提前举行大选。\r\n</p>\r\n<p>\r\n	　　修宪公投是由伦齐发起的，旨在通过修改宪法改革政治体系，加强政府力量。2014年初，年仅39岁的伦齐就任总理后，推出一系列改革议程。但由于议会的掣肘，许多措施难以执行，于是伦齐开始推动“集权式”宪法改革。宪法公投的主要内容包括：限制参议院权力，将参议员人数从315人减至100人，多数立法只要众议院通过即可，将目前一些属于地方政府的权力收归中央政府。\r\n</p>',1,0,'','1480909388',0,0,0,0),(81,11,'意大利公投出口民调：修宪公投反对票大幅领先','北京时间5日6:00，在TECNE为CANALE \r\n5进行的出口民调中反对阵营领先，在IPR出口民调中支持阵营为42%-46%，反对阵营为54%-58%。而在EMG出口民调中反对与赞成的比例为 \r\n55%-59%，在RAI出口民调中反对与赞成的比例为54%-58%。北京时间12月5日5:50~6:10，欧元对美元汇率短线跳水大约86点或逾 \r\n0.8%，最低触及1.0585。',1,0,'','1480909414',0,0,0,0),(82,11,'范德贝伦赢得奥地利总统选举 竞选对手承认失败','新华社维也纳12月4日电(记者 王腾飞 刘向)奥地利内政部4日公布的计票结果显示，前绿党领导人范德贝伦在当天奥地利重新举行的总统选举第二轮投票中以明显优势击败自由党候选人霍费尔，当选奥地利总统。\r\n<p>\r\n	　　奥地利内政部公布的最新计票结果显示，范德贝伦和霍费尔的得票率分别为53.3%和46.7%。尽管这一统计不包括邮寄选票，但范德贝伦胜局已定。\r\n</p>\r\n<p>\r\n	　　霍费尔已承认失败，并呼吁他的支持者接受这一选举结果。\r\n</p>\r\n<p>\r\n	　　奥地利总理克恩第一时间祝贺范德贝伦获胜。范德贝伦预计将在明年1月26日正式就职。\r\n</p>\r\n<p>\r\n	　　此间舆论普遍认为，有大学经济学教授经历、72岁的范德贝伦胜出，意味着他将大体延续前总统菲舍尔的做法，并将带领奥地利继续成为一个包容开放的、融入欧盟的国家。\r\n</p>\r\n<p>\r\n	　　在今年5月22日举行的总统选举第二轮投票中，范德贝伦险胜霍费尔，但因为邮寄选票的信封被发现密封性存在问题，投票结果被裁定无效，选举重新举行。\r\n</p>',1,0,'','1480909430',0,0,0,0),(83,12,'美国华裔议员承诺不会废除奥巴马全民健保','中国侨网12月5日电 \r\n据美国《侨报》报道，美国华裔国会众议员赵美心当地时间3日在克莱尔蒙特市（Claremont）向数十位当地居民承诺，虽然奥巴马届满卸任，新总统特朗普上台，但全民健保不会因为总统的换届而废除。她承诺，美国人民仍将会继续享用全民健保带给大家的各项福利。\r\n<p>\r\n	　　新总统特朗普上台后，美国很多选民都非常担心，在竞选当中极力攻击奥巴马全民健保的特朗普上台后是否真的会废除全民健保？如果是的话，那些享受过全民健保好处的美国人民会不会因此失去他们的各项健保福利？\r\n</p>\r\n<p>\r\n	　　就这一问题，赵美心3日在克莱尔蒙特市亚历山大社区中心特举行的健保座谈会上给大家吃了个定心丸，她向与会者承诺，即便奥巴马届满卸任，他建立的全民健保也不会因为特朗普的上台而废除。她的话赢得了现场听众的一片掌声。\r\n</p>\r\n<p>\r\n	　　“加州全保”的代表接下来为与会者详细讲述了“加州全保”与“全民健保”的关系，“加州全保”在2017年有哪些政策性调整，费率有哪些变化，以及哪些人可以享受优惠计划等细则。与会者就“加州全保”的相关问题提出了各种问题，得到了健保专家的当面解答。\r\n</p>',1,0,'photoview/5844e2b407a12.jpg','1480909492',0,1,0,0),(84,12,'普京公开赞扬特朗普是聪明人 望其改善俄美关系','国际在线专稿：据英国《每日邮报》12月4日报道，12月4日，俄罗斯总统普京在时隔近一年之后，再次公开赞扬美国候任总统唐纳德·特朗普，称其“聪明”，并同时表示，“聪明的人就应该懂得要担起责任”。\r\n<div id=\"ad_44089\" class=\"otherContent_01\" style=\"margin:10px 20px 10px 0px;padding:4px;\">\r\n</div>\r\n<p>\r\n	　　据悉，12月4日，普京接受了俄罗斯国家电视台“独立电视台”（NTV）采访。在采访中，普京赞扬了特朗普在商业领域中的成功，并表示这正是特朗普“智商高”的证据。\r\n</p>\r\n<p>\r\n	　　“特朗普是一位企业家和商人，但他也是一位政治家。他现在已经即将成为美国的领袖，”普京在采访中表示，“他在商业领域内的成功，足以证明他是一位聪明人。如果他是一个聪明人，他就应该能够从更高的层面懂得责任的意义。我们希望，他今后能从这样的立场上出发看待问题。”\r\n</p>\r\n<p>\r\n	　　普京在采访中表示，他希望特朗普能够帮助修复俄美关系。评论专家指出，在明年1月份特朗普就职之前，普京可能不会发表过于严厉的反美言论。\r\n</p>\r\n<p>\r\n	　　在1年前，普京曾经高调对特朗普表示过赞赏，对记者称“特朗普毫无疑问是一个聪明且有才华的人”。在今年10月份，普京也曾替特朗普辩护，称后者的行为“虽然出格，但却并不是毫无意义。”\r\n</p>',1,0,'','1480909507',0,0,0,0),(85,12,'意大利修宪公投失利 议员吁尽快举行议会选举','中新网12月5日电 据外媒报道，意大利议会“北方联盟”党议员保罗∙格里莫尔迪认为，务必尽快举行该国议会选举。\r\n<p>\r\n	　　12月5日凌晨，意大利现任总理马泰奥•伦齐在反对者赢得4日举行的由他提议的宪法公投后宣布将辞职。该国内政部公布的数据显示，根据约84%的开票结果，反对者占59.63%，支持者占40.37%。\r\n</p>\r\n<p>\r\n	　　格里莫尔迪表示：“我们对公投结果和伦齐的决定都表示满意。他输了。到了行动起来，尽快举行新的议会选举的时候了。”\r\n</p>\r\n<p>\r\n	　　他认为，公投结果是人们对“现任政府、金融家、银行、电视宣传和技术官僚统治的欧洲”的胜利。\r\n</p>\r\n<p>\r\n	　　在回答关于他认为谁可能成为下任总理的问题时，格里莫尔迪指出，这只能由参与投票的意大利人决定。\r\n</p>\r\n<p>\r\n	　　他总结称：“只要我们有一个正常的政府，国内就会稳定，问题就会得到解决，而我国人民的利益将被置于首位。”\r\n</p>',1,0,'','1480909522',0,0,0,0),(86,12,'美国国防部长将访问日本 视察自卫队护卫舰','中新网12月5日电 据日媒报道，美国国防部高层本月3日表示，美国防部长卡特将于6日访问日本神奈川县的横须贺基地，并视察日本海上自卫队的“出云”号直升机护卫舰。此举旨在推进美军和自卫队的一体化运用，凸显强化日美同盟。\r\n<p>\r\n	　　据报道，“出云”是日本海上自卫队最大的舰艇，可搭载巡逻机和救援用直升机等，具备海上基地功能。今年7月美海军陆战队新型运输机“鱼鹰”在“出云”上进行了起降训练。卡特还将在横须贺基地视察美海军的宙斯盾驱逐舰并鼓励队员。\r\n</p>\r\n<p>\r\n	之后卡特7日将在日本防卫省与防卫相稻田朋美会谈。据美国防部高官称，为了缩小涉及案件或事故时美方享有优先审判权的“美军工作人员”对象范围，双方将就制订《日美地位协定》的“补充协定”展开磋商。\r\n	<p>\r\n		　　卡特此行还欲促使部分归还美军北部训练场（位于日本冲绳县东村、国头村）一事取得进展。\r\n	</p>\r\n	<p>\r\n		　　卡特3日在加利福尼亚州西米谷举行演讲时强调称：“日美同盟将继续作为亚太地区安全保障的基础。”他还称“延续性是国防部的传统”，表示期待特朗普下届政府延续包括重视亚洲战略在内的现行政策。\r\n	</p>\r\n</p>',1,0,'photoview/5844e2f1501bd.jpg','1480909553',0,0,0,0),(87,12,'470万人网上请愿罢免特朗普 破网站历史记录','美国大选已经过去将近一个月。但是许多的民主党总统候选人希拉里支持者不希望看到总统当选人特朗普上台。部分希拉里支持者发起网络请愿，希望美国的选举人团支持希拉里。目前请愿已经得到470万人联名，成为该网站史上最多联名的请愿。\r\n<p>\r\n	　　Change.org是一个网上请愿平台，由网友发起请愿主题，并由其他网友进行联署。在美国大选结束后，反对特朗普当选的民众发起了诸多请愿。其中，截至目前，要求选举人团投票支持希拉里的请愿已经达到了472万个联名。\r\n</p>\r\n<p>\r\n	　　这一请愿称：“特朗普还没有被选举为总统。真正的投票日是12月19日，538名选举人来投下选票。他们可以投给任何人。为了保护宪法不被特朗普破坏，我们希望有良知的选举人可以支持得到更多民众投票的候选人（希拉里）。”\r\n</p>\r\n<div id=\"ad_44089\" class=\"otherContent_01\" style=\"margin:10px 20px 10px 0px;padding:4px;\">\r\n</div>\r\n<p>\r\n	　　请愿者称：“国父们创立选举人团有两个目的，第一是体现民意，第二是保证当选人符合总统职位的要求。防止特朗普成为总统可以达成这两个目标。”\r\n</p>\r\n<p>\r\n	　　“在我们共和国240年的历史中，从来没有一个总统在上任前没有任何从政经验。没有任何一个总统犯过性侵案。没有任何一个总统在集会中鼓励暴力。”\r\n</p>\r\n<p>\r\n	　　“选举人没理由不为自己的良知投票。他们并不是在曲解民意，他们也没有违反宪法。请保护宪法和我们的共和国，给希拉里·克林顿投票吧。”\r\n</p>\r\n<p>\r\n	　　据美国趣闻网站Inquisitr报道，这是该网站历史上联名人数最多的请愿。\r\n</p>\r\n<p>\r\n	　　据观察者网此前报道，有至少6名选举人日前表示，他们计划在投票时更改之前的选择，违背本州的普选结果，投票给希拉里。\r\n</p>\r\n<p>\r\n	　　据观察者网调查，该请愿是Change.org上一个有关特朗普请愿集的一部分。这个请愿集包括众多反对特朗普和特朗普决策的请愿。其中还包括反对特朗普的人事提名，大法官提名，有的甚至要求直接弹劾特朗普。\r\n</p>',1,0,'photoview/5844e30cb71b0.jpg','1480909580',0,0,0,0),(88,12,'IS北高加索地区头目被击毙 曾造成百余人死伤','中新网12月5日电 据外媒5日报道，俄罗斯联邦安全局称，俄当局在北高加索地区一场攻击行动中，击毙极端组织“伊斯兰国”（IS）在该地区的领袖阿萨尔德洛夫（Rustam Aselderov）及其4名亲信。\r\n<p>\r\n	　　据报道，俄罗斯安全局在声明中说，阿萨尔德洛夫涉及2013年的俄罗斯南部城市伏尔加格勒的爆炸案，在那次爆炸中有34人死亡。俄罗斯达吉斯坦共和国2012年的两起汽车炸弹攻击案也与他有关，当时共有14人死亡、至少120人受伤。\r\n</p>\r\n<p>\r\n	　　此外，俄罗斯安全局指出，2012年新年前夕莫斯科红场两名女自杀炸弹手袭击未遂事件，也是由阿萨尔德洛夫策划的。\r\n</p>\r\n<p>\r\n	　　报道称，2014年12月，35岁的阿萨尔德洛夫成为北高加索地区首位宣布效忠“伊斯兰国”首领巴格达迪的主要激进分子。\r\n</p>',1,0,'','1480909600',0,0,0,0),(89,12,'客轮沉后7小时朴槿惠在哪？检方要面对面调查她','　韩国媒体3日报道，新获任命的独立检察官朴英洙表示，针对有媒体披露总统朴槿惠在“岁月”号客轮沉没当天“神秘消失7小时”的说法，新组建的独立检察组将对其本人发起面对面调查。\r\n<p>\r\n	　　朴英洙同时表示，他还将招募资深律师，就朴槿惠与“邪教”有关联的传言展开调查并查明真相。\r\n</p>\r\n<p>\r\n	　　<strong>[坚持“面对面”问询]</strong>\r\n</p>\r\n<p>\r\n	　　朴英洙11月30日获朴槿惠任命担任独立检察官，负责组建规模达105人的独立检察组，专门调查朴槿惠亲信崔顺实“干政”事件。\r\n</p>',1,0,'photoview/5844e336d59f8.jpg','1480909622',0,0,0,0),(90,10,'男子在台湾机场托运小狗被拒 当场摔死后离开','中新网12月5日电 据台湾“中央社”报道，苏姓男子4日在高雄机场托运一只小狗回金门时，疑因狗未施打狂犬病疫苗，遭地勤人员拒绝，该男子竟当场摔死小狗，狗尸留在机场后搭机离去，现由航空警察局高雄分局侦办中。\r\n<p>\r\n	　　航空警察局高雄分局初步调查，住金门的苏姓男子在台湾买这只小狗，准备搭乘班机飞往金门，疑因他无法出示施打过狂犬病疫苗证明文件，地勤人员拒绝托运，他便当场摔死小狗后搭机离去。\r\n</p>\r\n<p>\r\n	　　航空警察局高雄分局通报金门警方协助侦办，苏姓男子供称因小狗遭拒绝托运，才气愤摔小狗。\r\n</p>',1,0,'','1480909823',0,0,0,0),(91,10,'大陆可出一招反击特朗普同蔡英文通话 台湾代价惨重','特朗普团队的发言人接受CNN采访，为特朗普不按规矩出牌，与蔡英文通电话做辩护，指特朗普“充分理解议题”。台湾当局方面一边为特朗普说出“台湾总统”弹冠相庆，一边急忙出来试图稳定两岸关系，表示“良好的台美关系和两岸关系对台湾一样重要”。\r\n<p>\r\n	　　星期五的“电话门”在美国引起震动，也令世界困惑。美国主流媒体全都提到台湾问题是最敏感的东亚问题之一，有的分析还指出，台湾问题是可能“引发战争”的。对特朗普这么做是否符合美国的长远利益，质疑的声音很多。\r\n</p>\r\n<p>\r\n	　　看来特朗普要利用他“不按常理出牌”这一竞选中的名声借势发挥，故意要任性，借台湾问题在中美关系中搅一搅浑水，从中美关系的存量中开发一些美方的主动性，为他上台后同中国进行新的讨价还价创造条件。\r\n</p>\r\n<p>\r\n	　　美国已很难制造撬动中国的新杠杆，可以打的旧牌也在减少，所以特朗普或许觉得晃动晃动，搅搅局对他有利。当然这其中有一个因素也需注意，即特朗普确实没有外交经验，他不知道晃动一下中美关系的后果会多严重，利弊之比如何。他的团队中，多数人也已多年未实际操控美对华政策，对美中发生新摩擦缺少切实的轻重感。\r\n</p>\r\n<p>\r\n	　　美国驻伊拉克前大使Christopher Hill批评特朗普根本不了解外交形势：“在前总统里根执政8年期间，从来没发生过类似事件。布什执政8年期间，也没发生过。克林顿8年、还有奥巴马的8年执政，都没有”，“特朗普不了解外交就莽撞行动”。\r\n</p>\r\n<p>\r\n	　　可以肯定的是，特朗普没想与中国战略对撞，那既非他的执政抱负，也不在他对选民的承诺之中。如果说他与蔡英文通电话确实不是“没搞明白”，他就是在试探中国的话，那么他的行为大致可以看做一种撒娇，目的是贪小便宜，为下一步从中美关系中捞取更多利益造势。\r\n</p>',1,0,'photoview/5844e4c807a12.jpg','1480910024',1,0,0,0),(92,10,'香港冠军女帅已成“香港之星” 行政长官夸她正能量','特约记者蒋媛报道 “好像去了迪士尼乐园一样，真是充满神奇的一年。”阿布扎比八星阿联酋皇宫酒店，拿到亚足联最佳女子教练荣誉的“牛丸”陈婉婷非常感慨，而她也表示，3年后，希望有机会到水平更高的联赛学习。\r\n<p>\r\n	　　去年年底，杨正光前往中甲梅州担任助教，东方总监梁守志决定给27岁的陈婉婷机会，他的决定，成就了一段“传奇”。不被看好的陈婉婷，带领东方，夺得了港超冠军，自己也获得了联赛最佳教练、铜紫荆星章、被收录吉尼斯世界纪录、BBC年度百大女性，加上亚足联最佳女子教练，不到8个月的时间，她已获得了5大荣誉。\r\n</p>\r\n<p>\r\n	　　13岁那年，陈婉婷喜欢上了足球，模仿妈妈签名，偷报足球夏令营；从香港中文大学毕业时，本学地理的她机缘巧合，做了天水围飞马负责电脑数据信息和剪辑教学片的助理。从2012年开始，她开始参加各种教练训练班，从最基础的C证开始，然后是B证、A证（可以执教港超球队），而在本月晚些时间，她将前往韩国进修12天，考取最高的职业级教练证书。\r\n</p>\r\n<p>\r\n	　　原本，陈婉婷不想参加颁奖，因为3日，东方要在联赛中客场挑战杰志，她不想输给对手，但在梁守志的鼓励下，才决定前往阿布扎比，她的心态很平和，直到颁发这一奖项时，才略有紧张，最终，她顺利当选。\r\n</p>\r\n<p>\r\n	　　值得一提的是，为陈婉婷颁发奖杯的是马晓旭，10年前，她以女子球员的身份，获得了亚足联年度最佳新人，击败了一杆男士，陈婉婷同样是在男人圈里闯出名堂，亚足联选择马晓旭，很有深意。一番感谢后，陈婉婷表示，希望自己的故事可以给其他女性更多鼓励，“只要肯尝试，没什么不可能”。\r\n</p>',1,0,'photoview/5844e4f2a4083.jpg','1480910066',1,0,0,0),(93,10,'马云再提中国足球：国足踢不过香港，原因你懂的','【观察者网综合】<span id=\"usstock_BABA\"><a href=\"http://stock.finance.sina.com.cn/usstock/quotes/BABA.html\" class=\"keyword f_st\" target=\"_blank\">阿里巴巴</a></span><span id=\"quote_BABA\"></span>集团创始人<a class=\"wt_article_link\" href=\"http://weibo.com/mayun?zw=tech\" target=\"_blank\">马云</a>常说，自己的本行其实是教师，只有对教英语在行，其他都不在行。但是偏偏是这样的马云，却常在其他领域发表见解，比如足球。\r\n<p>\r\n	　　11月2日，在中国香港出席《南华早报》中国年会时，马云发表了名为《当东方遇见西方》的演讲。\r\n</p>\r\n<p>\r\n	　　他说：“东西方文化是有巨大差异的，只有文化的交流，思想交流才有可能带来经济的交流，我们国足连香港队都踢不过（此处应指2015年世预赛国足两战香港均未取胜），想想看就是有问题的。人家是11个人踢得像1个人一样，我们是1个人踢得像11个人一样。东西方文化还是有差异的。”\r\n</p>\r\n<p>\r\n	在拿中国足球举例时，马云表示中国球员的个人技术都很不错，但是“不讲团队”是最大的问题：“所以看足球，我觉得很有意思，我们的个人技术都很好，不讲团队，只讲个人技术不错，但是到了禁区的时候，进不去了，射不进，原因是我们怕冲突，一撞就退。所以我们要教育我们的孩子在冲突中解决问题。”\r\n</p>',1,0,'photoview/5844e51b00000.jpg','1480910107',0,0,0,0),(94,10,'陈法蓉梁小冰骂战 众香港女星纷纷站队','新闻晨报讯 昔日港姐梁小冰<a target=\"_blank\" href=\"http://weibo.com/1965334714?zw=ent\" class=\"wt_article_link\">[微博]</a>与陈法蓉<a target=\"_blank\" href=\"http://weibo.com/1280546287?zw=ent\" class=\"wt_article_link\">[微博]</a>因一件外套起了争执，连吵多日，看得围观网友目瞪口呆。\r\n<p>\r\n	　　不是孰是孰非的问题，而是惊诧：鸡毛蒜皮的事，也值得天天播报？谁知女星们也纷纷站出来，兵分两路：陈法蓉这边聚集了洪欣、蔡少芬<a target=\"_blank\" href=\"http://weibo.com/1275784277?zw=ent\" class=\"wt_article_link\">[微博]</a>、朱茵<a target=\"_blank\" href=\"http://weibo.com/1770438374?zw=ent\" class=\"wt_article_link\">[微博]</a>，梁小冰那边则有袁咏仪<a target=\"_blank\" href=\"http://weibo.com/1659809154?zw=ent\" class=\"wt_article_link\">[微博]</a>。\r\n</p>\r\n<p>\r\n	　　看客们不是没有心理落差的。提及女星开撕，往往让人联想到抢戏、抢排名、抢男友……使绊子、窝心脚、苦肉计，才对得起她们演过那么多宫斗剧。谁知现实很骨感，当事人直接上来就控诉，连“见到她，我会像见到蟑螂一样走开”这种恶言都讲了出来。说好的美貌与智慧并重呢？\r\n</p>\r\n<p>\r\n	　　倒是袁咏仪的话值得揣摩。她说她认识的梁小冰是个“没脾气”的人，“是逼到她没办法才会反驳”。她认为这次行为很反常。所以，压倒骆驼的最后一根稻草有了，那么，到底是什么让骆驼积劳成疾？\r\n</p>\r\n<p>\r\n	　　撇开那些私人恩怨不谈，一翻旧账，结果翻出梁小冰的血泪史。她的“没脾气”，更体现在上世纪90年代，在无线“能捱、听话”。那时她是“古装女王”，主演过《风之刀》《孤星剑》《武尊少林》《圆月弯刀》《鹿鼎记》等剧集。别人看着艳羡，于她却是酷刑：摄影棚日夜灯火通明，高强度地赶戏，刚卸妆又上妆；因为经常佩戴头套，她头发脱落，日渐消瘦。\r\n</p>',1,0,'photoview/5844e544632ea.jpg','1480910148',0,1,0,0),(95,10,'深港通特辑﹕香港股票市场生存手册','（香港）有限公司可能与报告中论述的公司（等）拥有或正寻求业务关系。因此投资者应留意报告的客观性可能受潜在的利益冲突所影响。在进行投资决定时，投资者应视本报告为其中一个参考因素。\r\n<p>\r\n	　　东方证券（香港）有限公司及其附属公司丶要员丶董事及雇员在任何时间可能持有本报告所提及之任何证券丶认股证丶期货丶期权丶衍生产品或其他金融工具的长仓或短仓。\r\n</p>\r\n<p>\r\n	　　东方证券（香港）有限公司或东方证券（香港）有限公司任何其他成员在任何情况下，均不会就由于任何三方在依赖本报告内容时之作为或不作为而导致任何类型之损失（无论是直接丶间接丶随之而来或附带者），负上法律责任或具有任何责任。\r\n</p>\r\n<p>\r\n	　　本报告内容或意见仅供参考之用途，并不构成任何买入或沽出证券或其他金融产品之要约。本报告并无顾虑任何特定投资者之特定投资目标丶财务状况丶或风险承受程度，投资者在进行任何投资前，必须对其投资进行独立判断或在需要时寻求独立专业意见。东方证券（香港）有限公司不保证执行此报告提及的投资产品或金融工具的交易。\r\n</p>\r\n<p>\r\n	　　虽然本报告资料来自或编写自东方证券（香港）有限公司相信是可靠之来源，惟东方证券（香港）有限公司并不明示或暗示地声明或保证任何该等资料之准确性丶完整性或可靠性。本报告内所提及之价格仅供参考之用途，投资产品之价值及收入可能会浮动，包括受汇率、市场指数、有关公司相关数据或其他因素而变动。本报告内容或意见可随时更改，东方证券（香港）有限公司并不承诺提供任何有关变更之通知。证券过去的表现不可作为未来表现的指标，同时未来回报是不能保证的，你可能蒙受所有最初存入资金的损失。\r\n</p>\r\n<p>\r\n	　　对部分的司法管辖区或国家而言，分发丶发行或使用本报告会抵触当地法律丶法则丶规定丶或其它注册或发牌的规例。本报告不是旨在向该等司法管辖区或国家的任何人或实体分发或由其使用。\r\n</p>\r\n<p>\r\n	　　任何在香港以外的国家或地区进行/执行之投资产品或金融工具的交易，将受有关当局/当地之相关法律/法规及监管机构的管辖，本报告的发表单位及分析员并不受有关当局/当地的所有披露要求或法规管辖。\r\n</p>\r\n<p>\r\n	　　未经东方证券（香港）有限公司事先书面授权，任何人不得为任何目的复制丶分发丶转发、发表此报告，东方证券（香港）有限公司保留一切权利。\r\n</p>',1,0,'photoview/5844e56d39387.gif','1480910189',1,0,1,0),(96,10,'香港离岸人民币隔夜掉期涨至12.3813%','此前，据路透社的报道，香港金融管理局称，相较于10月份，11月份前三周人民币存款显著下降。香港金管局表示，虽然尚未收到11月份的完整数据，但是，从银行获取的信息来看，相较于10月份，11月份前三周人民币存储显著下降。\r\n<div id=\"ad_44099\" class=\"otherContent_01\" style=\"margin:10px 20px 10px 0px;padding:4px;\">\r\n</div>\r\n<p>\r\n	　　具体数据显示，10月份，全球最大的离岸人民币交易中心香港的人民币存款减少了0.4%至66625亿元人民币(合962.2亿美元)。\r\n</p>\r\n<p>\r\n	　　香港金管局表示，尽管人民币贬值会影响中国 “一带一路”战略项目的发展进度，但是不会对其产生实质性的影响。\r\n</p>\r\n<p>\r\n	　　香港金管局称，“一带一路”是中国的一个战略项目，该项目主要投资于基础设施建设，不会受人民币贬值的影响。尽管短期来看，人民币贬值会影响“一带一路”的发展进度，但是，长期发展目标并不会发生根本性改变。\r\n</p>\r\n<p>\r\n	　　香港金管局称，近期人民币贬值不是因为人民币自身汇率不稳定，而是受美元持续走强的影响。相较于日元和<span id=\"forex_EURUSD\"><a href=\"http://biz.finance.sina.com.cn/forex/quote.php?code=EURUSD&amp;img_type=min\" class=\"keyword\" target=\"_blank\">欧元</a></span><span id=\"quote_EURUSD\">(<span>1.0544</span>, <span>-0.0084</span>, <span>-0.79%</span>)</span>(1.0543, -0.0085, -0.80%)，人民币汇率更为稳定。\r\n</p>\r\n<p>\r\n	　　此外，香港金管局还表示，人民币双向运动并不像市场预计的那么糟糕。虽然离岸人民币存款在减少，从而令用于投资的人民币资金池减少，但是，人民币对冲工具也在迅速发展。\r\n</p>',1,0,'photoview/5844e5d753ec6.png','1480910295',1,1,0,0),(97,10,'国都香港：深港通正式开通 料港股稍有高开','‘深港通’今天正式通车，但中港股市周五未有受其利好，指数显著下滑，恒指一举失守3条主要平均线。总计公布通车日期后全个星期，港股反覆向下，未见有明显提振作用。\r\n<p>\r\n	　　恒指周五低开141点，报22736点，失守100天线，之后开挫逾220点后，临近中午收市前跌穿10天线（约22689点），午后愈走愈弱，挫319点，见22559点全日低，失守20天线。恒指最后收报22564点，跌1.4%。<span id=\"hkstock_hkHSCEI\"><a href=\"http://stock.finance.sina.com.cn/hkstock/quotes/HSCEI.html\" class=\"keyword\" target=\"_blank\">国企指数</a></span><span id=\"quote_hkHSCEI\">(<span>9680.8</span>, <span>-100.43</span>, <span>-1.03%</span>)</span>收报9781点，跌1.1%。\r\n</p>\r\n<p>\r\n	　　周五晚公布美国11月非农就业人数增加17.8万，低于市场预期，但预计整体对12月加息没太大影响。另外，意大利全民公投修宪将在今早10时公布结果，各国金融市场关注‘黑天鹅’会否再次发生。\r\n</p>\r\n<p>\r\n	　　今天‘深港通’正式开通，预计初期不会有大量资金涌入港股市场，恒指初期不会受到太大的刺激。但投资者可以留意一下一些估值较低的小型股份，特别是科网股，这些相对深圳市场来说较为便宜，有机会受到内地投资者支持追捧。\r\n</p>',1,0,'','1480910332',0,0,0,0),(98,10,'香港政府将密切监控房地产市场，必要时将采取适当措施；','香港财政司司长曾俊华：香港政府将密切监控房地产市场，必要时将采取适当措施；\r\n<p>\r\n	　　在政府调高印花税以调控市场后，香港楼市已出现降温迹象关注微信号ytx311011，获取第一手投资消息，英明投资人的绝佳选择！\r\n</p>',1,0,'','1480910351',0,0,0,0),(99,9,'好好学习','<p>\r\n	好好学习,天天向上好好学习,天天向上好好学习,天天向上好好学习,天天向上好好学习,天天向上好好学习,天天向上\r\n</p>\r\n<p>\r\n	好好学习,天天向上好好学习,天天向上好好学习,天天向上好好学习,天天向上好好学习,天天向上好好学习,天天向上\r\n</p>\r\n<p>\r\n	好好学习,天天向上好好学习,天天向上好好学习,天天向上好好学习,天天向上好好学习,天天向上好好学习,天天向上\r\n</p>\r\n<p>\r\n	好好学习,天天向上好好学习,天天向上好好学习,天天向上好好学习,天天向上好好学习,天天向上好好学习,天天向上\r\n</p>\r\n<p>\r\n	好好学习,天天向上好好学习,天天向上好好学习,天天向上好好学习,天天向上好好学习,天天向上好好学习,天天向上\r\n</p>',1,0,'','1480923272',0,0,0,1),(100,3,'asdfasdfasdfas','dfasdfasdfasdfasdfasdfsdf',1,0,'','1480926798',1,0,1,0);
/*!40000 ALTER TABLE `newsarticles` ENABLE KEYS */;
UNLOCK TABLES;

--
-- Table structure for table `newshints`
--

DROP TABLE IF EXISTS `newshints`;
/*!40101 SET @saved_cs_client     = @@character_set_client */;
/*!40101 SET character_set_client = utf8 */;
CREATE TABLE `newshints` (
  `id` int(11) NOT NULL AUTO_INCREMENT,
  `articleId` int(11) NOT NULL,
  `dateandtime` varchar(20) NOT NULL,
  PRIMARY KEY (`id`),
  KEY `articleId` (`articleId`),
  CONSTRAINT `newshints_ibfk_1` FOREIGN KEY (`articleId`) REFERENCES `newsarticles` (`articleId`)
) ENGINE=InnoDB DEFAULT CHARSET=utf8;
/*!40101 SET character_set_client = @saved_cs_client */;

--
-- Dumping data for table `newshints`
--

LOCK TABLES `newshints` WRITE;
/*!40000 ALTER TABLE `newshints` DISABLE KEYS */;
/*!40000 ALTER TABLE `newshints` ENABLE KEYS */;
UNLOCK TABLES;

--
-- Table structure for table `newstypes`
--

DROP TABLE IF EXISTS `newstypes`;
/*!40101 SET @saved_cs_client     = @@character_set_client */;
/*!40101 SET character_set_client = utf8 */;
CREATE TABLE `newstypes` (
  `typeId` int(11) NOT NULL AUTO_INCREMENT,
  `typeName` varchar(20) NOT NULL,
  `pid` int(11) NOT NULL,
  `level` int(11) NOT NULL,
  `isDel` int(11) DEFAULT '0',
  PRIMARY KEY (`typeId`)
) ENGINE=InnoDB AUTO_INCREMENT=15 DEFAULT CHARSET=utf8;
/*!40101 SET character_set_client = @saved_cs_client */;

--
-- Dumping data for table `newstypes`
--

LOCK TABLES `newstypes` WRITE;
/*!40000 ALTER TABLE `newstypes` DISABLE KEYS */;
INSERT INTO `newstypes` VALUES (1,'国内',0,1,0),(2,'国际',0,1,0),(3,'社会',0,1,0),(4,'娱乐',0,1,0),(5,'军事',0,1,0),(6,'历史',0,1,0),(7,'百科',0,1,0),(8,'公益',0,1,0),(9,'内地新闻',1,2,0),(10,'港澳台新闻',1,2,0),(11,'环球视野',2,2,0),(12,'海外查看',2,2,0),(13,'科技新闻',0,1,1),(14,'IT新闻',13,2,0);
/*!40000 ALTER TABLE `newstypes` ENABLE KEYS */;
UNLOCK TABLES;

--
-- Table structure for table `reviews`
--

DROP TABLE IF EXISTS `reviews`;
/*!40101 SET @saved_cs_client     = @@character_set_client */;
/*!40101 SET character_set_client = utf8 */;
CREATE TABLE `reviews` (
  `reviewId` int(11) NOT NULL AUTO_INCREMENT,
  `userId` int(11) NOT NULL,
  `articleId` int(11) NOT NULL,
  `content` varchar(1000) NOT NULL,
  `dateandtime` timestamp NOT NULL DEFAULT CURRENT_TIMESTAMP,
  PRIMARY KEY (`reviewId`),
  KEY `articleId` (`articleId`),
  KEY `userId` (`userId`),
  CONSTRAINT `reviews_ibfk_1` FOREIGN KEY (`articleId`) REFERENCES `newsarticles` (`articleId`),
  CONSTRAINT `reviews_ibfk_2` FOREIGN KEY (`userId`) REFERENCES `userinfo` (`userId`)
) ENGINE=InnoDB DEFAULT CHARSET=utf8;
/*!40101 SET character_set_client = @saved_cs_client */;

--
-- Dumping data for table `reviews`
--

LOCK TABLES `reviews` WRITE;
/*!40000 ALTER TABLE `reviews` DISABLE KEYS */;
/*!40000 ALTER TABLE `reviews` ENABLE KEYS */;
UNLOCK TABLES;

--
-- Table structure for table `roleinfo`
--

DROP TABLE IF EXISTS `roleinfo`;
/*!40101 SET @saved_cs_client     = @@character_set_client */;
/*!40101 SET character_set_client = utf8 */;
CREATE TABLE `roleinfo` (
  `roleId` int(11) NOT NULL AUTO_INCREMENT,
  `roleName` varchar(100) NOT NULL,
  PRIMARY KEY (`roleId`)
) ENGINE=InnoDB AUTO_INCREMENT=3 DEFAULT CHARSET=utf8;
/*!40101 SET character_set_client = @saved_cs_client */;

--
-- Dumping data for table `roleinfo`
--

LOCK TABLES `roleinfo` WRITE;
/*!40000 ALTER TABLE `roleinfo` DISABLE KEYS */;
INSERT INTO `roleinfo` VALUES (1,'超级管理员'),(2,'普通管理员');
/*!40000 ALTER TABLE `roleinfo` ENABLE KEYS */;
UNLOCK TABLES;

--
-- Table structure for table `userinfo`
--

DROP TABLE IF EXISTS `userinfo`;
/*!40101 SET @saved_cs_client     = @@character_set_client */;
/*!40101 SET character_set_client = utf8 */;
CREATE TABLE `userinfo` (
  `userId` int(11) NOT NULL AUTO_INCREMENT,
  `userName` varchar(20) NOT NULL,
  `password` varchar(20) NOT NULL,
  `dateandtime` timestamp NOT NULL DEFAULT CURRENT_TIMESTAMP,
  PRIMARY KEY (`userId`),
  UNIQUE KEY `userName` (`userName`)
) ENGINE=InnoDB DEFAULT CHARSET=utf8;
/*!40101 SET character_set_client = @saved_cs_client */;

--
-- Dumping data for table `userinfo`
--

LOCK TABLES `userinfo` WRITE;
/*!40000 ALTER TABLE `userinfo` DISABLE KEYS */;
/*!40000 ALTER TABLE `userinfo` ENABLE KEYS */;
UNLOCK TABLES;
/*!40103 SET TIME_ZONE=@OLD_TIME_ZONE */;

/*!40101 SET SQL_MODE=@OLD_SQL_MODE */;
/*!40014 SET FOREIGN_KEY_CHECKS=@OLD_FOREIGN_KEY_CHECKS */;
/*!40014 SET UNIQUE_CHECKS=@OLD_UNIQUE_CHECKS */;
/*!40101 SET CHARACTER_SET_CLIENT=@OLD_CHARACTER_SET_CLIENT */;
/*!40101 SET CHARACTER_SET_RESULTS=@OLD_CHARACTER_SET_RESULTS */;
/*!40101 SET COLLATION_CONNECTION=@OLD_COLLATION_CONNECTION */;
/*!40111 SET SQL_NOTES=@OLD_SQL_NOTES */;

-- Dump completed on 2016-12-05 17:24:32
